customer_id,device_id,run_id,started_at,ended_at,duration_minutes,water_liters,fertilizer_ml,volume_valid,counter_reset,replayed,fertilizer_channel,result,volume_method
synthetic_customer_003,cabinet_003,run_3_0,2026-09-02T00:10:00+00:00,2026-09-02T00:40:00+00:00,30,358.71,286.97,True,False,False,1,completed,synthetic_pulse_counter
synthetic_customer_003,cabinet_003,run_3_36,2026-09-02T06:10:00+00:00,2026-09-02T06:40:00+00:00,30,357.92,286.34,True,False,False,1,completed,synthetic_pulse_counter
synthetic_customer_003,cabinet_003,run_3_72,2026-09-02T12:10:00+00:00,2026-09-02T12:40:00+00:00,30,359.19,287.35,True,False,False,1,completed,synthetic_pulse_counter
synthetic_customer_003,cabinet_003,run_3_108,2026-09-02T18:10:00+00:00,2026-09-02T18:40:00+00:00,30,361.79,289.43,True,False,False,1,completed,synthetic_pulse_counter
synthetic_customer_003,cabinet_003,run_3_144,2026-09-03T00:10:00+00:00,2026-09-03T00:40:00+00:00,30,359.63,287.7,True,False,False,1,completed,synthetic_pulse_counter
synthetic_customer_003,cabinet_003,run_3_180,2026-09-03T06:10:00+00:00,2026-09-03T06:40:00+00:00,30,359.86,287.89,True,False,False,1,completed,synthetic_pulse_counter
synthetic_customer_003,cabinet_003,run_3_216,2026-09-03T12:10:00+00:00,2026-09-03T12:40:00+00:00,30,357.1,285.68,True,False,False,1,completed,synthetic_pulse_counter
synthetic_customer_003,cabinet_003,run_3_252,2026-09-03T18:10:00+00:00,2026-09-03T18:40:00+00:00,30,250.62,200.5,True,False,False,1,completed,synthetic_pulse_counter
synthetic_customer_003,cabinet_003,run_3_288,2026-09-04T00:10:00+00:00,2026-09-04T00:40:00+00:00,30,360.82,288.66,True,False,False,1,completed,synthetic_pulse_counter
synthetic_customer_003,cabinet_003,run_3_324,2026-09-04T06:10:00+00:00,2026-09-04T06:40:00+00:00,30,359.47,287.57,True,False,False,1,completed,synthetic_pulse_counter
synthetic_customer_003,cabinet_003,run_3_360,2026-09-04T12:10:00+00:00,2026-09-04T12:40:00+00:00,30,361.25,289.0,True,False,False,1,completed,synthetic_pulse_counter
synthetic_customer_003,cabinet_003,run_3_396,2026-09-04T18:10:00+00:00,2026-09-04T18:40:00+00:00,30,360.65,288.52,True,False,False,1,completed,synthetic_pulse_counter
synthetic_customer_003,cabinet_003,run_3_432,2026-09-05T00:10:00+00:00,2026-09-05T00:40:00+00:00,30,359.63,287.71,True,False,False,1,completed,synthetic_pulse_counter
synthetic_customer_003,cabinet_003,run_3_468,2026-09-05T06:10:00+00:00,2026-09-05T06:40:00+00:00,30,358.64,286.91,True,False,False,1,completed,synthetic_pulse_counter
synthetic_customer_003,cabinet_003,run_3_504,2026-09-05T12:10:00+00:00,2026-09-05T12:40:00+00:00,30,240.69,192.56,True,False,False,1,completed,synthetic_pulse_counter
synthetic_customer_003,cabinet_003,run_3_540,2026-09-05T18:10:00+00:00,2026-09-05T18:40:00+00:00,30,363.65,290.92,True,False,False,1,completed,synthetic_pulse_counter
synthetic_customer_003,cabinet_003,run_3_576,2026-09-06T00:10:00+00:00,2026-09-06T00:40:00+00:00,30,360.33,288.27,True,False,False,1,completed,synthetic_pulse_counter
synthetic_customer_003,cabinet_003,run_3_612,2026-09-06T06:10:00+00:00,2026-09-06T06:40:00+00:00,30,,,False,True,False,1,interrupted,synthetic_pulse_counter
synthetic_customer_003,cabinet_003,run_3_648,2026-09-06T12:10:00+00:00,2026-09-06T12:40:00+00:00,30,357.81,286.25,True,False,False,1,completed,synthetic_pulse_counter
synthetic_customer_003,cabinet_003,run_3_684,2026-09-06T18:10:00+00:00,2026-09-06T18:40:00+00:00,30,0.55,0.0,True,False,False,1,interrupted,synthetic_pulse_counter
synthetic_customer_003,cabinet_003,run_3_720,2026-09-07T00:10:00+00:00,2026-09-07T00:40:00+00:00,30,361.39,289.11,True,False,False,1,completed,synthetic_pulse_counter
synthetic_customer_003,cabinet_003,run_3_756,2026-09-07T06:10:00+00:00,2026-09-07T06:40:00+00:00,30,360.63,288.51,True,False,False,1,completed,synthetic_pulse_counter
synthetic_customer_003,cabinet_003,run_3_792,2026-09-07T12:10:00+00:00,2026-09-07T12:40:00+00:00,30,361.24,288.99,True,False,False,1,completed,synthetic_pulse_counter
synthetic_customer_003,cabinet_003,run_3_828,2026-09-07T18:10:00+00:00,2026-09-07T18:40:00+00:00,30,360.71,288.57,True,False,False,1,completed,synthetic_pulse_counter
synthetic_customer_003,cabinet_003,run_3_864,2026-09-08T00:10:00+00:00,2026-09-08T00:40:00+00:00,30,361.02,288.81,True,False,False,1,completed,synthetic_pulse_counter
synthetic_customer_003,cabinet_003,run_3_900,2026-09-08T06:10:00+00:00,2026-09-08T06:40:00+00:00,30,436.13,348.9,True,False,False,1,completed,synthetic_pulse_counter
synthetic_customer_003,cabinet_003,run_3_936,2026-09-08T12:10:00+00:00,2026-09-08T12:40:00+00:00,30,360.95,288.76,True,False,False,1,completed,synthetic_pulse_counter
synthetic_customer_003,cabinet_003,run_3_972,2026-09-08T18:10:00+00:00,2026-09-08T18:40:00+00:00,30,360.21,288.17,True,False,False,1,completed,synthetic_pulse_counter
