capability_key,display_name_vi,category,implementation_type,model_family,required_inputs,optional_inputs,output_kind,risk_level,default_status,implementation_state,implementation_ref,source_title,source_url,evidence_note,active
eto_fao56,Bốc thoát hơi tham chiếu FAO-56 (ETo),water,formula,,"[""temperature"",""air_humidity"",""wind_speed"",""solar_radiation""]","[""latitude"",""elevation"",""pressure""]",numeric,medium,blocked,catalog_only,,FAO Irrigation and Drainage Paper 56,https://www.fao.org/4/X0490E/x0490e06.htm,FAO Penman-Monteith cần dữ liệu khí tượng đầy đủ; thiếu biến thì BLOCKED.,True
crop_water_requirement,Nhu cầu nước cây trồng ETc,water,formula,,"[""eto"",""crop_coefficient"",""growth_stage"",""crop_key""]","[""soil_water_balance""]",numeric,high,blocked,catalog_only,,FAO Crop Evapotranspiration,https://www.fao.org/4/x0490E/x0490e0a.htm,ETc = Kc × ETo; Kc phải theo cây/giai đoạn và được kiểm duyệt.,True
water_stress_risk,Rủi ro stress nước,water,hybrid,,"[""soil_moisture"",""crop_key""]","[""eto"",""ndmi"",""growth_stage"",""soil_type""]",risk_score,high,blocked,catalog_only,,FAO/NASA evidence bundle,https://science.nasa.gov/mission/landsat/hls-vegetation-indices/,Cần tối thiểu target theo cây; NDMI/ETo là dữ liệu bổ sung.,True
irrigation_efficiency,Hiệu quả tưới,water,rule,,"[""irrigation_volume"",""soil_moisture_before"",""soil_moisture_after""]","[""flow_rate"",""eto""]",assessment,medium,experimental,catalog_only,,FAO CROPWAT,https://www.fao.org/land-water/resources/tools/software/cropwat/en,Đánh giá đáp ứng sau tưới; chưa thay kiểm toán nước.,True
root_zone_stability,Ổn định vùng rễ,soil,hybrid,,"[""soil_moisture_timeseries"",""crop_key""]","[""soil_type"",""root_depth""]",assessment,medium,blocked,catalog_only,,FAO soil-water balance,,Cần root depth/soil profile theo cây.,True
nutrient_stress_risk,Rủi ro dinh dưỡng,nutrition,hybrid,,"[""ec"",""ph"",""crop_key""]","[""leaf_analysis"",""fertilizer_events"",""growth_stage""]",risk_score,high,blocked,catalog_only,,Knowledge-base governed,,Không kê liều phân nếu chưa có nguồn và chuyên gia duyệt.,True
salinity_risk,Rủi ro mặn/EC cao,soil,rule,,"[""ec"",""crop_key""]","[""soil_ec"",""water_ec"",""growth_stage""]",risk_score,high,experimental,catalog_only,,Knowledge-base governed,,Ngưỡng phải theo crop profile và đơn vị cảm biến.,True
disease_climate_risk,Rủi ro bệnh theo vi khí hậu,disease,hybrid,,"[""temperature"",""air_humidity"",""crop_key""]","[""leaf_wetness"",""rainfall"",""growth_stage""]",risk_score,high,blocked,catalog_only,,Agronomy knowledge required,,Không chẩn đoán bệnh chỉ từ khí hậu; chỉ báo điều kiện thuận lợi khi có rule đã duyệt.,True
pest_climate_risk,Rủi ro sâu hại theo khí hậu,pest,hybrid,,"[""temperature"",""crop_key""]","[""air_humidity"",""rainfall"",""growth_stage"",""pest_history""]",risk_score,high,blocked,catalog_only,,Agronomy knowledge required,,Cần dữ liệu sâu hại/phenology để huấn luyện và xác minh.,True
crop_environment_fit,Mức phù hợp cây–môi trường,agronomy,llm_rag,,"[""crop_key"",""temperature""]","[""rainfall"",""ph"",""soil_type"",""region"",""market_data""]",ranking,high,experimental,catalog_only,,FAO ECOCROP,https://www.fao.org/geospatial/data-and-tools/data-portals/ecocrop/en,Chỉ sàng lọc mức phù hợp; không cam kết năng suất/lợi nhuận.,True
yield_forecast,Dự báo năng suất,yield,hybrid,,"[""crop_key"",""growth_stage"",""weather_history""]","[""soil"",""remote_sensing"",""management_history"",""harvest_labels""]",forecast,high,blocked,catalog_only,,Crop-yield AI literature review,https://www.mdpi.com/2223-7747/14/18/2841,Cần nhãn năng suất thật theo vụ; không dùng telemetry mô phỏng để tuyên bố yield accuracy.,True
growth_stage_detection,Nhận diện giai đoạn sinh trưởng,phenology,hybrid,,"[""crop_key""]","[""images"",""thermal"",""weather"",""planting_date""]",classification,medium,blocked,catalog_only,,Precision agriculture research,,Có thể rule theo ngày sau trồng hoặc CV; cần crop-specific validation.,True
harvest_date_forecast,Dự báo thời điểm thu hoạch,phenology,hybrid,,"[""crop_key"",""growth_stage""]","[""weather"",""degree_days"",""images"",""variety""]",forecast,high,blocked,catalog_only,,Precision agriculture research,,"Cần giống, ngày trồng và nhãn thu hoạch thật.",True
ndvi_health,NDVI sức khỏe/độ xanh,remote_sensing,remote_sensing,,"[""satellite_red"",""satellite_nir"",""field_geometry""]","[""crop_key"",""growth_stage""]",index,medium,blocked,catalog_only,,NASA HLS Vegetation Indices,https://science.nasa.gov/mission/landsat/hls-vegetation-indices/,HLS cung cấp NDVI/EVI và các chỉ số 30 m; cần polygon thửa và imagery.,True
ndmi_water_stress,NDMI theo dõi ẩm/stress nước,remote_sensing,remote_sensing,,"[""satellite_nir"",""satellite_swir"",""field_geometry""]","[""crop_key"",""growth_stage""]",index,medium,blocked,catalog_only,,NASA HLS Vegetation Indices,https://science.nasa.gov/mission/landsat/hls-vegetation-indices/,"NDMI/NDWI hỗ trợ theo dõi moisture/water stress, không thay sensor tại chỗ.",True
canopy_biomass,Tán lá/sinh khối,remote_sensing,remote_sensing,,"[""multispectral_or_rgb_imagery"",""field_geometry""]","[""lidar"",""crop_key"",""growth_stage""]",assessment,medium,blocked,catalog_only,,Remote sensing + ML precision agriculture review,https://www.mdpi.com/2073-4395/14/9/1975,Cần ảnh vệ tinh/UAV đã hiệu chỉnh và ground truth.,True
disease_vision,Nhận diện dấu hiệu bệnh từ ảnh,vision,computer_vision,,"[""plant_images"",""crop_key""]","[""growth_stage"",""location""]",classification,high,blocked,catalog_only,,Plant disease ML/DL review,https://www.mdpi.com/2077-0472/14/12/2188/html,CNN/vision phổ biến nhưng cần dataset ảnh crop-specific và expert labels.,True
pest_vision,Nhận diện sâu hại từ ảnh,vision,computer_vision,,"[""pest_or_plant_images"",""crop_key""]","[""trap_data"",""location""]",classification,high,blocked,catalog_only,,UAV/precision agriculture survey,https://www.mdpi.com/2624-7402/8/6/249,"Cần ảnh/nhãn thực tế, không bật trong PoC telemetry-only.",True
weed_vision,Nhận diện cỏ dại,vision,computer_vision,,"[""field_images""]","[""crop_key"",""segmentation_labels""]",detection,medium,blocked,catalog_only,,Precision weed control review,https://www.mdpi.com/2073-4395/15/8/1954,YOLO/segmentation là hướng phù hợp khi có ảnh và nhãn.,True
ripeness_vision,Đánh giá độ chín,vision,computer_vision,,"[""fruit_images"",""crop_key""]","[""variety"",""color_calibration""]",classification,medium,blocked,catalog_only,,Smart agriculture multimodal review,https://www.mdpi.com/1424-8220/25/2/472,Cần bộ ảnh theo nông sản/giống và nhãn chuyên gia.,True
fruit_quality_grading,Phân hạng chất lượng nông sản,vision,computer_vision,,"[""product_images"",""crop_key""]","[""weight"",""size"",""brix"",""defect_labels""]",grading,high,blocked,catalog_only,,Smart agriculture multimodal review,https://www.mdpi.com/1424-8220/25/2/472,Cần tiêu chuẩn phân hạng riêng của doanh nghiệp/thị trường và dữ liệu nhãn.,True
soil_moisture_forecast,Dự báo độ ẩm đất,forecast,trained_model,moisture_forecast,"[""soil_moisture"",""temperature"",""air_humidity""]","[""flow_rate"",""irrigation_history"",""soil_type"",""crop_key""]",forecast,medium,experimental,registry_gated,knowledge_db.model_registry,NextFarm V9 trained shared model,,Chỉ được READY khi model quality gate và crop-domain gate cùng đạt.,True
microclimate_forecast,Dự báo vi khí hậu,forecast,trained_model,temperature_forecast,"[""temperature"",""air_humidity""]","[""hour"",""season"",""region""]",forecast,low,ready,registry_gated,knowledge_db.model_registry,NextFarm V9 trained shared model,,Nhiệt độ/ẩm là đầu vào chính cho rủi ro bệnh và nước.,True
ec_forecast,Dự báo EC,forecast,trained_model,ec_forecast,"[""ec""]","[""irrigation_history"",""fertilizer_events"",""crop_key""]",forecast,medium,experimental,registry_gated,knowledge_db.model_registry,NextFarm V9 trained shared model,,"Cần hiệu chỉnh theo cảm biến, cây và chiến lược dinh dưỡng.",True
ph_forecast,Dự báo pH,forecast,trained_model,ph_forecast,"[""ph""]","[""irrigation_history"",""fertilizer_events"",""crop_key""]",forecast,medium,experimental,registry_gated,knowledge_db.model_registry,NextFarm V9 trained shared model,,Chưa dùng để kê liều dinh dưỡng.,True
multisensor_anomaly,Phát hiện bất thường đa cảm biến,anomaly,trained_model,anomaly_multisensor,"[""soil_moisture"",""temperature""]","[""air_humidity"",""ec"",""ph"",""flow_rate""]",classification,medium,ready,registry_gated,knowledge_db.model_registry,NextFarm V9 trained shared model,,"Phát hiện sai lệch trạng thái/cảm biến, không tự chẩn đoán bệnh cây.",True
flow_fault,Chẩn đoán lưu lượng/rò rỉ/tắc,irrigation,trained_model,flow_fault,"[""flow_rate"",""valve_state"",""pump_state""]","[""pressure""]",classification,high,experimental,registry_gated,knowledge_db.model_registry,NextFarm V9 trained shared model,,Cần dữ liệu flow thực từ NextFarm để xác nhận.,True
irrigation_failure,Phát hiện ca tưới thất bại,irrigation,trained_model,irrigation_failure,"[""flow_rate"",""valve_state"",""pump_state"",""irrigation_schedule""]","[""soil_moisture_after""]",classification,high,experimental,registry_gated,knowledge_db.model_registry,NextFarm V9 trained shared model,,Quality gate bắt buộc recall lớp sự cố.,True
irrigation_need,Ước lượng nhu cầu tưới,irrigation,trained_model,irrigation_need,"[""soil_moisture"",""crop_key""]","[""eto"",""rainfall"",""soil_type"",""growth_stage""]",classification,high,experimental,registry_gated,knowledge_db.model_registry,NextFarm V9 trained shared model,,Không tự bật van; chỉ tạo assessment.,True
device_health,Sức khỏe thiết bị,device,trained_model,device_health,"[""device_online"",""sensor_age_seconds""]","[""packet_loss_rate"",""command_failure_rate""]",classification,medium,ready,registry_gated,knowledge_db.model_registry,NextFarm V9 trained shared model,,Tách khỏi crop; có thể áp dụng cho mọi farm nếu đủ telemetry thiết bị.,True
farm_health,Sức khỏe tổng thể vườn/thửa,composite,trained_model,farm_health,"[""soil_moisture"",""temperature"",""device_online""]","[""ec"",""ph"",""flow_rate""]",classification,high,ready,registry_gated,knowledge_db.model_registry,NextFarm V9 trained shared model,,"Chỉ là tổng hợp rủi ro PoC, không thay chuyên gia nông học.",True
sensor_quality_guard,Kiểm tra chất lượng dữ liệu cảm biến,data_quality,rule,,"[""sensor_value"",""observed_at"",""sensor_id""]","[""quality_flag"",""expected_interval""]",quality,medium,ready,available,farm-data-service:data-quality-evaluation,NextFarm PoC data quality rules,,Chặn missing/stale/out-of-range trước khi model khác sử dụng.,True
