customer_id,device_id,command_id,requested_at,requested_by,command,status,replayed
synthetic_customer_005,cabinet_005,cmd_5_0,2026-08-10T00:10:00+00:00,local_schedule,start_irrigation,acknowledged,False
synthetic_customer_005,cabinet_005,cmd_5_36,2026-08-10T06:10:00+00:00,local_schedule,start_irrigation,acknowledged,False
synthetic_customer_005,cabinet_005,cmd_5_72,2026-08-10T12:10:00+00:00,local_schedule,start_irrigation,acknowledged,False
synthetic_customer_005,cabinet_005,cmd_5_108,2026-08-10T18:10:00+00:00,local_schedule,start_irrigation,acknowledged,False
synthetic_customer_005,cabinet_005,cmd_5_144,2026-08-11T00:10:00+00:00,local_schedule,start_irrigation,acknowledged,False
synthetic_customer_005,cabinet_005,cmd_5_180,2026-08-11T06:10:00+00:00,local_schedule,start_irrigation,acknowledged,False
synthetic_customer_005,cabinet_005,cmd_5_216,2026-08-11T12:10:00+00:00,local_schedule,start_irrigation,acknowledged,False
synthetic_customer_005,cabinet_005,cmd_5_252,2026-08-11T18:10:00+00:00,local_schedule,start_irrigation,acknowledged,False
synthetic_customer_005,cabinet_005,cmd_5_288,2026-08-12T00:10:00+00:00,local_schedule,start_irrigation,acknowledged,False
synthetic_customer_005,cabinet_005,cmd_5_324,2026-08-12T06:10:00+00:00,local_schedule,start_irrigation,acknowledged,False
synthetic_customer_005,cabinet_005,cmd_5_360,2026-08-12T12:10:00+00:00,local_schedule,start_irrigation,acknowledged,False
synthetic_customer_005,cabinet_005,cmd_5_396,2026-08-12T18:10:00+00:00,local_schedule,start_irrigation,acknowledged,False
synthetic_customer_005,cabinet_005,cmd_5_432,2026-08-13T00:10:00+00:00,local_schedule,start_irrigation,acknowledged,False
synthetic_customer_005,cabinet_005,cmd_5_468,2026-08-13T06:10:00+00:00,local_schedule,start_irrigation,acknowledged,False
synthetic_customer_005,cabinet_005,cmd_5_504,2026-08-13T12:10:00+00:00,local_schedule,start_irrigation,acknowledged,False
synthetic_customer_005,cabinet_005,cmd_5_540,2026-08-13T18:10:00+00:00,local_schedule,start_irrigation,acknowledged,False
synthetic_customer_005,cabinet_005,cmd_5_576,2026-08-14T00:10:00+00:00,local_schedule,start_irrigation,acknowledged,False
synthetic_customer_005,cabinet_005,cmd_5_612,2026-08-14T06:10:00+00:00,local_schedule,start_irrigation,acknowledged,False
synthetic_customer_005,cabinet_005,cmd_5_648,2026-08-14T12:10:00+00:00,local_schedule,start_irrigation,acknowledged,False
synthetic_customer_005,cabinet_005,cmd_5_684,2026-08-14T18:10:00+00:00,local_schedule,start_irrigation,acknowledged,False
synthetic_customer_005,cabinet_005,cmd_5_720,2026-08-15T00:10:00+00:00,local_schedule,start_irrigation,acknowledged,False
synthetic_customer_005,cabinet_005,cmd_5_756,2026-08-15T06:10:00+00:00,local_schedule,start_irrigation,acknowledged,False
synthetic_customer_005,cabinet_005,cmd_5_792,2026-08-15T12:10:00+00:00,local_schedule,start_irrigation,acknowledged,False
synthetic_customer_005,cabinet_005,cmd_5_828,2026-08-15T18:10:00+00:00,local_schedule,start_irrigation,acknowledged,False
synthetic_customer_005,cabinet_005,cmd_5_864,2026-08-16T00:10:00+00:00,local_schedule,start_irrigation,acknowledged,False
synthetic_customer_005,cabinet_005,cmd_5_900,2026-08-16T06:10:00+00:00,local_schedule,start_irrigation,acknowledged,False
synthetic_customer_005,cabinet_005,cmd_5_936,2026-08-16T12:10:00+00:00,local_schedule,start_irrigation,acknowledged,False
synthetic_customer_005,cabinet_005,cmd_5_972,2026-08-16T18:10:00+00:00,local_schedule,start_irrigation,acknowledged,False
synthetic_customer_005,cabinet_005,cmd_5_1008,2026-08-17T00:10:00+00:00,local_schedule,start_irrigation,acknowledged,False
synthetic_customer_005,cabinet_005,cmd_5_1044,2026-08-17T06:10:00+00:00,local_schedule,start_irrigation,acknowledged,False
synthetic_customer_005,cabinet_005,cmd_5_1080,2026-08-17T12:10:00+00:00,local_schedule,start_irrigation,acknowledged,False
synthetic_customer_005,cabinet_005,cmd_5_1116,2026-08-17T18:10:00+00:00,local_schedule,start_irrigation,acknowledged,False
synthetic_customer_005,cabinet_005,cmd_5_1152,2026-08-18T00:10:00+00:00,local_schedule,start_irrigation,acknowledged,False
synthetic_customer_005,cabinet_005,cmd_5_1188,2026-08-18T06:10:00+00:00,local_schedule,start_irrigation,acknowledged,False
synthetic_customer_005,cabinet_005,cmd_5_1224,2026-08-18T12:10:00+00:00,local_schedule,start_irrigation,acknowledged,False
synthetic_customer_005,cabinet_005,cmd_5_1260,2026-08-18T18:10:00+00:00,local_schedule,start_irrigation,acknowledged,False
synthetic_customer_005,cabinet_005,cmd_5_1296,2026-08-19T00:10:00+00:00,local_schedule,start_irrigation,acknowledged,False
synthetic_customer_005,cabinet_005,cmd_5_1332,2026-08-19T06:10:00+00:00,local_schedule,start_irrigation,acknowledged,False
synthetic_customer_005,cabinet_005,cmd_5_1368,2026-08-19T12:10:00+00:00,local_schedule,start_irrigation,acknowledged,False
synthetic_customer_005,cabinet_005,cmd_5_1404,2026-08-19T18:10:00+00:00,local_schedule,start_irrigation,acknowledged,False
synthetic_customer_005,cabinet_005,cmd_5_1440,2026-08-20T00:10:00+00:00,local_schedule,start_irrigation,acknowledged,False
synthetic_customer_005,cabinet_005,cmd_5_1476,2026-08-20T06:10:00+00:00,local_schedule,start_irrigation,acknowledged,False
synthetic_customer_005,cabinet_005,cmd_5_1512,2026-08-20T12:10:00+00:00,local_schedule,start_irrigation,acknowledged,False
synthetic_customer_005,cabinet_005,cmd_5_1548,2026-08-20T18:10:00+00:00,local_schedule,start_irrigation,acknowledged,False
synthetic_customer_005,cabinet_005,cmd_5_1584,2026-08-21T00:10:00+00:00,local_schedule,start_irrigation,acknowledged,False
synthetic_customer_005,cabinet_005,cmd_5_1620,2026-08-21T06:10:00+00:00,local_schedule,start_irrigation,acknowledged,False
synthetic_customer_005,cabinet_005,cmd_5_1656,2026-08-21T12:10:00+00:00,local_schedule,start_irrigation,acknowledged,False
synthetic_customer_005,cabinet_005,cmd_5_1692,2026-08-21T18:10:00+00:00,local_schedule,start_irrigation,acknowledged,False
synthetic_customer_005,cabinet_005,cmd_5_1728,2026-08-22T00:10:00+00:00,local_schedule,start_irrigation,acknowledged,False
synthetic_customer_005,cabinet_005,cmd_5_1764,2026-08-22T06:10:00+00:00,local_schedule,start_irrigation,acknowledged,False
synthetic_customer_005,cabinet_005,cmd_5_1800,2026-08-22T12:10:00+00:00,local_schedule,start_irrigation,acknowledged,False
synthetic_customer_005,cabinet_005,cmd_5_1836,2026-08-22T18:10:00+00:00,local_schedule,start_irrigation,acknowledged,False
synthetic_customer_005,cabinet_005,cmd_5_1872,2026-08-23T00:10:00+00:00,local_schedule,start_irrigation,acknowledged,False
synthetic_customer_005,cabinet_005,cmd_5_1908,2026-08-23T06:10:00+00:00,local_schedule,start_irrigation,acknowledged,False
synthetic_customer_005,cabinet_005,cmd_5_1944,2026-08-23T12:10:00+00:00,local_schedule,start_irrigation,acknowledged,False
synthetic_customer_005,cabinet_005,cmd_5_1980,2026-08-23T18:10:00+00:00,local_schedule,start_irrigation,acknowledged,False
synthetic_customer_005,cabinet_005,cmd_5_2016,2026-08-24T00:10:00+00:00,local_schedule,start_irrigation,acknowledged,False
synthetic_customer_005,cabinet_005,cmd_5_2052,2026-08-24T06:10:00+00:00,local_schedule,start_irrigation,acknowledged,False
synthetic_customer_005,cabinet_005,cmd_5_2088,2026-08-24T12:10:00+00:00,local_schedule,start_irrigation,acknowledged,False
synthetic_customer_005,cabinet_005,cmd_5_2124,2026-08-24T18:10:00+00:00,local_schedule,start_irrigation,acknowledged,False
synthetic_customer_005,cabinet_005,cmd_5_2160,2026-08-25T00:10:00+00:00,local_schedule,start_irrigation,acknowledged,False
synthetic_customer_005,cabinet_005,cmd_5_2196,2026-08-25T06:10:00+00:00,local_schedule,start_irrigation,acknowledged,False
synthetic_customer_005,cabinet_005,cmd_5_2232,2026-08-25T12:10:00+00:00,local_schedule,start_irrigation,acknowledged,False
synthetic_customer_005,cabinet_005,cmd_5_2268,2026-08-25T18:10:00+00:00,local_schedule,start_irrigation,acknowledged,False
synthetic_customer_005,cabinet_005,cmd_5_2304,2026-08-26T00:10:00+00:00,local_schedule,start_irrigation,acknowledged,False
synthetic_customer_005,cabinet_005,cmd_5_2340,2026-08-26T06:10:00+00:00,local_schedule,start_irrigation,acknowledged,False
synthetic_customer_005,cabinet_005,cmd_5_2376,2026-08-26T12:10:00+00:00,local_schedule,start_irrigation,acknowledged,False
synthetic_customer_005,cabinet_005,cmd_5_2412,2026-08-26T18:10:00+00:00,local_schedule,start_irrigation,acknowledged,False
synthetic_customer_005,cabinet_005,cmd_5_2448,2026-08-27T00:10:00+00:00,local_schedule,start_irrigation,acknowledged,False
synthetic_customer_005,cabinet_005,cmd_5_2484,2026-08-27T06:10:00+00:00,local_schedule,start_irrigation,acknowledged,False
synthetic_customer_005,cabinet_005,cmd_5_2520,2026-08-27T12:10:00+00:00,local_schedule,start_irrigation,acknowledged,False
synthetic_customer_005,cabinet_005,cmd_5_2556,2026-08-27T18:10:00+00:00,local_schedule,start_irrigation,acknowledged,False
synthetic_customer_005,cabinet_005,cmd_5_2592,2026-08-28T00:10:00+00:00,local_schedule,start_irrigation,acknowledged,False
synthetic_customer_005,cabinet_005,cmd_5_2628,2026-08-28T06:10:00+00:00,local_schedule,start_irrigation,acknowledged,False
synthetic_customer_005,cabinet_005,cmd_5_2664,2026-08-28T12:10:00+00:00,local_schedule,start_irrigation,acknowledged,False
synthetic_customer_005,cabinet_005,cmd_5_2700,2026-08-28T18:10:00+00:00,local_schedule,start_irrigation,acknowledged,False
synthetic_customer_005,cabinet_005,cmd_5_2736,2026-08-29T00:10:00+00:00,local_schedule,start_irrigation,acknowledged,False
synthetic_customer_005,cabinet_005,cmd_5_2772,2026-08-29T06:10:00+00:00,local_schedule,start_irrigation,acknowledged,False
synthetic_customer_005,cabinet_005,cmd_5_2808,2026-08-29T12:10:00+00:00,local_schedule,start_irrigation,acknowledged,False
synthetic_customer_005,cabinet_005,cmd_5_2844,2026-08-29T18:10:00+00:00,local_schedule,start_irrigation,acknowledged,False
synthetic_customer_005,cabinet_005,cmd_5_2880,2026-08-30T00:10:00+00:00,local_schedule,start_irrigation,acknowledged,False
synthetic_customer_005,cabinet_005,cmd_5_2916,2026-08-30T06:10:00+00:00,local_schedule,start_irrigation,acknowledged,False
synthetic_customer_005,cabinet_005,cmd_5_2952,2026-08-30T12:10:00+00:00,local_schedule,start_irrigation,acknowledged,False
synthetic_customer_005,cabinet_005,cmd_5_2988,2026-08-30T18:10:00+00:00,local_schedule,start_irrigation,acknowledged,False
synthetic_customer_005,cabinet_005,cmd_5_3024,2026-08-31T00:10:00+00:00,local_schedule,start_irrigation,acknowledged,False
synthetic_customer_005,cabinet_005,cmd_5_3060,2026-08-31T06:10:00+00:00,local_schedule,start_irrigation,acknowledged,False
synthetic_customer_005,cabinet_005,cmd_5_3096,2026-08-31T12:10:00+00:00,local_schedule,start_irrigation,acknowledged,False
synthetic_customer_005,cabinet_005,cmd_5_3132,2026-08-31T18:10:00+00:00,local_schedule,start_irrigation,acknowledged,False
synthetic_customer_005,cabinet_005,cmd_5_3168,2026-09-01T00:10:00+00:00,local_schedule,start_irrigation,acknowledged,False
synthetic_customer_005,cabinet_005,cmd_5_3204,2026-09-01T06:10:00+00:00,local_schedule,start_irrigation,acknowledged,True
synthetic_customer_005,cabinet_005,cmd_5_3240,2026-09-01T12:10:00+00:00,local_schedule,start_irrigation,acknowledged,False
synthetic_customer_005,cabinet_005,cmd_5_3276,2026-09-01T18:10:00+00:00,local_schedule,start_irrigation,acknowledged,False
synthetic_customer_005,cabinet_005,cmd_5_3312,2026-09-02T00:10:00+00:00,local_schedule,start_irrigation,acknowledged,False
synthetic_customer_005,cabinet_005,cmd_5_3348,2026-09-02T06:10:00+00:00,local_schedule,start_irrigation,not_acknowledged,False
synthetic_customer_005,cabinet_005,cmd_5_3384,2026-09-02T12:10:00+00:00,local_schedule,start_irrigation,acknowledged,False
synthetic_customer_005,cabinet_005,cmd_5_3420,2026-09-02T18:10:00+00:00,local_schedule,start_irrigation,acknowledged,True
synthetic_customer_005,cabinet_005,cmd_5_3456,2026-09-03T00:10:00+00:00,local_schedule,start_irrigation,acknowledged,False
synthetic_customer_005,cabinet_005,cmd_5_3492,2026-09-03T06:10:00+00:00,local_schedule,start_irrigation,acknowledged,False
synthetic_customer_005,cabinet_005,cmd_5_3528,2026-09-03T12:10:00+00:00,local_schedule,start_irrigation,acknowledged,False
synthetic_customer_005,cabinet_005,cmd_5_3564,2026-09-03T18:10:00+00:00,local_schedule,start_irrigation,acknowledged,False
synthetic_customer_005,cabinet_005,cmd_5_3600,2026-09-04T00:10:00+00:00,local_schedule,start_irrigation,acknowledged,False
synthetic_customer_005,cabinet_005,cmd_5_3636,2026-09-04T06:10:00+00:00,local_schedule,start_irrigation,acknowledged,False
synthetic_customer_005,cabinet_005,cmd_5_3672,2026-09-04T12:10:00+00:00,local_schedule,start_irrigation,acknowledged,False
synthetic_customer_005,cabinet_005,cmd_5_3708,2026-09-04T18:10:00+00:00,local_schedule,start_irrigation,acknowledged,False
synthetic_customer_005,cabinet_005,cmd_5_3744,2026-09-05T00:10:00+00:00,local_schedule,start_irrigation,acknowledged,False
synthetic_customer_005,cabinet_005,cmd_5_3780,2026-09-05T06:10:00+00:00,local_schedule,start_irrigation,acknowledged,False
synthetic_customer_005,cabinet_005,cmd_5_3816,2026-09-05T12:10:00+00:00,local_schedule,start_irrigation,not_acknowledged,False
synthetic_customer_005,cabinet_005,cmd_5_3852,2026-09-05T18:10:00+00:00,local_schedule,start_irrigation,acknowledged,False
synthetic_customer_005,cabinet_005,cmd_5_3888,2026-09-06T00:10:00+00:00,local_schedule,start_irrigation,acknowledged,False
synthetic_customer_005,cabinet_005,cmd_5_3924,2026-09-06T06:10:00+00:00,local_schedule,start_irrigation,acknowledged,False
synthetic_customer_005,cabinet_005,cmd_5_3960,2026-09-06T12:10:00+00:00,local_schedule,start_irrigation,not_acknowledged,False
synthetic_customer_005,cabinet_005,cmd_5_3996,2026-09-06T18:10:00+00:00,local_schedule,start_irrigation,acknowledged,False
synthetic_customer_005,cabinet_005,cmd_5_4032,2026-09-07T00:10:00+00:00,local_schedule,start_irrigation,acknowledged,False
synthetic_customer_005,cabinet_005,cmd_5_4068,2026-09-07T06:10:00+00:00,local_schedule,start_irrigation,acknowledged,False
synthetic_customer_005,cabinet_005,cmd_5_4104,2026-09-07T12:10:00+00:00,local_schedule,start_irrigation,acknowledged,False
synthetic_customer_005,cabinet_005,cmd_5_4140,2026-09-07T18:10:00+00:00,local_schedule,start_irrigation,acknowledged,False
synthetic_customer_005,cabinet_005,cmd_5_4176,2026-09-08T00:10:00+00:00,local_schedule,start_irrigation,acknowledged,False
synthetic_customer_005,cabinet_005,cmd_5_4212,2026-09-08T06:10:00+00:00,local_schedule,start_irrigation,acknowledged,False
synthetic_customer_005,cabinet_005,cmd_5_4248,2026-09-08T12:10:00+00:00,local_schedule,start_irrigation,acknowledged,False
synthetic_customer_005,cabinet_005,cmd_5_4284,2026-09-08T18:10:00+00:00,local_schedule,start_irrigation,acknowledged,False
