customer_id,metric_type,split,rows,valid_values,valid_targets
customer_lan,air_humidity,excluded,9,3,0
customer_lan,air_humidity,test_seen_customers,97,66,68
customer_lan,air_humidity,train,291,180,169
customer_lan,air_humidity,validation,95,26,24
customer_lan,ec,excluded,9,3,0
customer_lan,ec,test_seen_customers,97,66,68
customer_lan,ec,train,291,180,169
customer_lan,ec,validation,95,26,24
customer_lan,flow_rate,excluded,9,3,0
customer_lan,flow_rate,test_seen_customers,97,66,68
customer_lan,flow_rate,train,291,180,169
customer_lan,flow_rate,validation,95,26,24
customer_lan,ph,excluded,9,3,0
customer_lan,ph,test_seen_customers,97,66,68
customer_lan,ph,train,291,180,169
customer_lan,ph,validation,95,26,24
customer_lan,soil_moisture,excluded,18,6,0
customer_lan,soil_moisture,test_seen_customers,194,132,136
customer_lan,soil_moisture,train,582,360,338
customer_lan,soil_moisture,validation,190,52,48
customer_lan,temperature,excluded,9,3,0
customer_lan,temperature,test_seen_customers,97,66,68
customer_lan,temperature,train,291,180,169
customer_lan,temperature,validation,95,26,24
customer_long,air_humidity,excluded,20,8,0
customer_long,air_humidity,test_seen_customers,194,132,136
customer_long,air_humidity,train,582,360,338
customer_long,air_humidity,validation,190,52,48
customer_long,ec,excluded,20,8,0
customer_long,ec,test_seen_customers,194,132,136
customer_long,ec,train,582,354,332
customer_long,ec,validation,190,49,45
customer_long,flow_rate,excluded,10,4,0
customer_long,flow_rate,test_seen_customers,97,66,68
customer_long,flow_rate,train,291,180,169
customer_long,flow_rate,validation,95,26,24
customer_long,ph,excluded,20,8,0
customer_long,ph,test_seen_customers,194,132,136
customer_long,ph,train,582,360,338
customer_long,ph,validation,190,52,48
customer_long,soil_moisture,excluded,30,12,0
customer_long,soil_moisture,test_seen_customers,291,198,204
customer_long,soil_moisture,train,873,540,507
customer_long,soil_moisture,validation,285,78,72
customer_long,temperature,excluded,20,8,0
customer_long,temperature,test_seen_customers,194,132,136
customer_long,temperature,train,582,344,323
customer_long,temperature,validation,190,49,46
customer_minh,air_humidity,excluded,396,210,193
customer_minh,air_humidity,test_unseen_customer,97,66,68
customer_minh,ec,excluded,396,210,193
customer_minh,ec,test_unseen_customer,97,66,68
customer_minh,flow_rate,excluded,792,420,386
customer_minh,flow_rate,test_unseen_customer,194,132,136
customer_minh,ph,excluded,396,210,193
customer_minh,ph,test_unseen_customer,97,66,68
customer_minh,soil_moisture,excluded,792,420,386
customer_minh,soil_moisture,test_unseen_customer,194,132,136
customer_minh,temperature,excluded,396,210,193
customer_minh,temperature,test_unseen_customer,97,66,68
