customer_id,observed_at,prediction
synthetic_customer_009,2026-09-04 12:10:00+00:00,59.004566079790045
synthetic_customer_009,2026-09-04 12:20:00+00:00,59.411348516066596
synthetic_customer_009,2026-09-04 12:30:00+00:00,59.59861555553891
synthetic_customer_009,2026-09-04 12:40:00+00:00,59.63809281601218
synthetic_customer_009,2026-09-04 12:50:00+00:00,59.75549852566433
synthetic_customer_009,2026-09-04 13:00:00+00:00,59.8804199827268
synthetic_customer_009,2026-09-04 13:10:00+00:00,60.29397816989255
synthetic_customer_009,2026-09-04 13:20:00+00:00,60.76721044563074
synthetic_customer_009,2026-09-04 13:30:00+00:00,60.94289172156243
synthetic_customer_009,2026-09-04 13:40:00+00:00,61.13943974450966
synthetic_customer_009,2026-09-04 13:50:00+00:00,61.70778264970644
synthetic_customer_009,2026-09-04 14:00:00+00:00,62.21321912263273
synthetic_customer_009,2026-09-04 14:10:00+00:00,62.71194371565441
synthetic_customer_009,2026-09-04 14:20:00+00:00,62.94159724869154
synthetic_customer_009,2026-09-04 14:30:00+00:00,63.47485799349097
synthetic_customer_009,2026-09-04 14:40:00+00:00,63.37989780125146
synthetic_customer_009,2026-09-04 14:50:00+00:00,63.18548915073099
synthetic_customer_009,2026-09-04 15:00:00+00:00,63.172332965949195
synthetic_customer_009,2026-09-04 15:10:00+00:00,63.26583686387685
synthetic_customer_009,2026-09-04 15:20:00+00:00,63.72182452764348
synthetic_customer_009,2026-09-04 15:30:00+00:00,63.631026959971386
synthetic_customer_009,2026-09-04 15:40:00+00:00,64.10041007841163
synthetic_customer_009,2026-09-04 15:50:00+00:00,64.56560661631751
synthetic_customer_009,2026-09-04 16:00:00+00:00,64.6308911779803
synthetic_customer_009,2026-09-04 16:10:00+00:00,64.4730479410998
synthetic_customer_009,2026-09-04 16:20:00+00:00,64.75520311774822
synthetic_customer_009,2026-09-04 16:30:00+00:00,65.04631156971745
synthetic_customer_009,2026-09-04 16:40:00+00:00,65.29662605648403
synthetic_customer_009,2026-09-04 16:50:00+00:00,65.32742960820624
synthetic_customer_009,2026-09-04 17:00:00+00:00,65.8092768987924
synthetic_customer_009,2026-09-04 17:10:00+00:00,66.01442608726201
synthetic_customer_009,2026-09-04 17:30:00+00:00,66.6132299396835
synthetic_customer_009,2026-09-04 17:40:00+00:00,66.9550699033218
synthetic_customer_009,2026-09-04 17:50:00+00:00,67.16139960082025
synthetic_customer_009,2026-09-04 18:00:00+00:00,67.2187266776131
synthetic_customer_009,2026-09-04 18:10:00+00:00,67.68651160608451
synthetic_customer_009,2026-09-04 18:20:00+00:00,67.8425006811886
synthetic_customer_009,2026-09-04 18:30:00+00:00,68.01572741232351
synthetic_customer_009,2026-09-04 18:40:00+00:00,68.20806039056662
synthetic_customer_009,2026-09-04 18:50:00+00:00,68.47063914793146
synthetic_customer_009,2026-09-04 19:00:00+00:00,68.6616956292266
synthetic_customer_009,2026-09-04 19:10:00+00:00,68.90900457230792
synthetic_customer_009,2026-09-04 19:20:00+00:00,69.27420017623558
synthetic_customer_009,2026-09-04 19:30:00+00:00,69.45506122893131
synthetic_customer_009,2026-09-04 19:40:00+00:00,69.64527830228985
synthetic_customer_009,2026-09-04 19:50:00+00:00,69.83184383750238
synthetic_customer_009,2026-09-04 20:00:00+00:00,69.93639968394852
synthetic_customer_009,2026-09-04 20:10:00+00:00,70.22935772994225
synthetic_customer_009,2026-09-04 20:20:00+00:00,70.44703875535701
synthetic_customer_009,2026-09-04 20:30:00+00:00,70.750194107827
synthetic_customer_009,2026-09-04 20:40:00+00:00,70.96845530966252
synthetic_customer_009,2026-09-04 20:50:00+00:00,71.10197143127199
synthetic_customer_009,2026-09-04 21:00:00+00:00,71.09539013113024
synthetic_customer_009,2026-09-04 21:10:00+00:00,71.21644243296336
synthetic_customer_009,2026-09-04 21:20:00+00:00,71.6135915184333
synthetic_customer_009,2026-09-04 21:30:00+00:00,71.9659781776317
synthetic_customer_009,2026-09-04 21:40:00+00:00,72.11223379933662
synthetic_customer_009,2026-09-04 21:50:00+00:00,72.37233270208603
synthetic_customer_009,2026-09-04 22:00:00+00:00,72.34948953653449
synthetic_customer_009,2026-09-04 22:10:00+00:00,72.12706223095664
synthetic_customer_009,2026-09-04 22:20:00+00:00,72.29792315911635
synthetic_customer_009,2026-09-04 22:30:00+00:00,72.05597222268779
synthetic_customer_009,2026-09-04 22:40:00+00:00,71.91614477862322
synthetic_customer_009,2026-09-04 22:50:00+00:00,71.68771736672221
synthetic_customer_009,2026-09-04 23:00:00+00:00,71.6379287054321
synthetic_customer_009,2026-09-04 23:10:00+00:00,71.52232639258305
synthetic_customer_009,2026-09-04 23:20:00+00:00,70.83230558683555
synthetic_customer_009,2026-09-04 23:30:00+00:00,70.15739666109135
synthetic_customer_009,2026-09-04 23:40:00+00:00,70.3905540255682
synthetic_customer_009,2026-09-04 23:50:00+00:00,69.51367381695326
synthetic_customer_009,2026-09-05 00:00:00+00:00,69.07838876516327
synthetic_customer_009,2026-09-05 00:10:00+00:00,69.63775555826393
synthetic_customer_009,2026-09-05 00:20:00+00:00,68.77222955056777
synthetic_customer_009,2026-09-05 00:30:00+00:00,68.69549851410635
synthetic_customer_009,2026-09-05 01:20:00+00:00,70.49940025870919
synthetic_customer_009,2026-09-05 01:30:00+00:00,70.80554250676097
synthetic_customer_009,2026-09-05 01:40:00+00:00,69.06379791142905
synthetic_customer_009,2026-09-05 01:50:00+00:00,67.64691216761565
synthetic_customer_009,2026-09-05 02:00:00+00:00,65.82213431072873
synthetic_customer_009,2026-09-05 02:10:00+00:00,65.25633647379914
synthetic_customer_009,2026-09-05 02:20:00+00:00,63.333143460612625
synthetic_customer_009,2026-09-05 02:30:00+00:00,62.56216401211415
synthetic_customer_009,2026-09-05 02:40:00+00:00,63.03040337028951
synthetic_customer_009,2026-09-05 02:50:00+00:00,62.63939927158046
synthetic_customer_009,2026-09-05 03:10:00+00:00,60.24470342018491
synthetic_customer_009,2026-09-05 03:20:00+00:00,60.14657845446156
synthetic_customer_009,2026-09-05 03:30:00+00:00,59.78949965452089
synthetic_customer_009,2026-09-05 03:40:00+00:00,59.19330654095949
synthetic_customer_009,2026-09-05 03:50:00+00:00,58.962554308380795
synthetic_customer_009,2026-09-05 04:00:00+00:00,57.84902278784109
synthetic_customer_009,2026-09-05 04:10:00+00:00,57.416981632498604
synthetic_customer_009,2026-09-05 04:20:00+00:00,57.055066820933824
synthetic_customer_009,2026-09-05 04:30:00+00:00,56.95306401553228
synthetic_customer_009,2026-09-05 04:40:00+00:00,56.91724588589294
synthetic_customer_009,2026-09-05 04:50:00+00:00,57.1748755384213
synthetic_customer_009,2026-09-05 05:00:00+00:00,56.5970165597009
synthetic_customer_009,2026-09-05 05:10:00+00:00,56.020056264751105
synthetic_customer_009,2026-09-05 05:20:00+00:00,56.09912718445832
synthetic_customer_009,2026-09-05 05:30:00+00:00,55.71485149272936
synthetic_customer_009,2026-09-05 05:40:00+00:00,55.71178335579621
