customer_id,device_id,run_id,started_at,ended_at,duration_minutes,water_liters,fertilizer_ml,volume_valid,counter_reset,replayed,fertilizer_channel,result,volume_method
synthetic_customer_000,cabinet_000,run_0_0,2026-08-10T00:10:00+00:00,2026-08-10T00:40:00+00:00,30,358.99,287.19,True,False,False,1,completed,synthetic_pulse_counter
synthetic_customer_000,cabinet_000,run_0_36,2026-08-10T06:10:00+00:00,2026-08-10T06:40:00+00:00,30,358.13,286.5,True,False,False,1,completed,synthetic_pulse_counter
synthetic_customer_000,cabinet_000,run_0_72,2026-08-10T12:10:00+00:00,2026-08-10T12:40:00+00:00,30,356.69,285.35,True,False,True,1,completed,synthetic_pulse_counter
synthetic_customer_000,cabinet_000,run_0_108,2026-08-10T18:10:00+00:00,2026-08-10T18:40:00+00:00,30,244.53,195.63,True,False,False,1,completed,synthetic_pulse_counter
synthetic_customer_000,cabinet_000,run_0_144,2026-08-11T00:10:00+00:00,2026-08-11T00:40:00+00:00,30,363.33,290.66,True,False,False,1,completed,synthetic_pulse_counter
synthetic_customer_000,cabinet_000,run_0_180,2026-08-11T06:10:00+00:00,2026-08-11T06:40:00+00:00,30,360.59,288.47,True,False,False,1,completed,synthetic_pulse_counter
synthetic_customer_000,cabinet_000,run_0_216,2026-08-11T12:10:00+00:00,2026-08-11T12:40:00+00:00,30,357.96,286.37,True,False,False,1,completed,synthetic_pulse_counter
synthetic_customer_000,cabinet_000,run_0_252,2026-08-11T18:10:00+00:00,2026-08-11T18:40:00+00:00,30,351.54,281.23,True,False,False,1,completed,synthetic_pulse_counter
synthetic_customer_000,cabinet_000,run_0_288,2026-08-12T00:10:00+00:00,2026-08-12T00:40:00+00:00,30,362.2,289.76,True,False,False,1,completed,synthetic_pulse_counter
synthetic_customer_000,cabinet_000,run_0_324,2026-08-12T06:10:00+00:00,2026-08-12T06:40:00+00:00,30,359.61,287.68,True,False,False,1,completed,synthetic_pulse_counter
synthetic_customer_000,cabinet_000,run_0_360,2026-08-12T12:10:00+00:00,2026-08-12T12:40:00+00:00,30,356.22,284.97,True,False,False,1,completed,synthetic_pulse_counter
synthetic_customer_000,cabinet_000,run_0_396,2026-08-12T18:10:00+00:00,2026-08-12T18:40:00+00:00,30,358.73,286.99,True,False,False,1,completed,synthetic_pulse_counter
synthetic_customer_000,cabinet_000,run_0_432,2026-08-13T00:10:00+00:00,2026-08-13T00:40:00+00:00,30,436.5,349.2,True,False,False,1,completed,synthetic_pulse_counter
synthetic_customer_000,cabinet_000,run_0_468,2026-08-13T06:10:00+00:00,2026-08-13T06:40:00+00:00,30,,,False,True,False,1,interrupted,synthetic_pulse_counter
synthetic_customer_000,cabinet_000,run_0_504,2026-08-13T12:10:00+00:00,2026-08-13T12:40:00+00:00,30,358.98,287.19,True,False,False,1,completed,synthetic_pulse_counter
synthetic_customer_000,cabinet_000,run_0_540,2026-08-13T18:10:00+00:00,2026-08-13T18:40:00+00:00,30,360.78,288.62,True,False,False,1,completed,synthetic_pulse_counter
synthetic_customer_000,cabinet_000,run_0_576,2026-08-14T00:10:00+00:00,2026-08-14T00:40:00+00:00,30,358.07,286.46,True,False,False,1,completed,synthetic_pulse_counter
synthetic_customer_000,cabinet_000,run_0_612,2026-08-14T06:10:00+00:00,2026-08-14T06:40:00+00:00,30,359.27,287.41,True,False,False,1,completed,synthetic_pulse_counter
synthetic_customer_000,cabinet_000,run_0_648,2026-08-14T12:10:00+00:00,2026-08-14T12:40:00+00:00,30,360.04,288.03,True,False,False,1,completed,synthetic_pulse_counter
synthetic_customer_000,cabinet_000,run_0_684,2026-08-14T18:10:00+00:00,2026-08-14T18:40:00+00:00,30,360.41,288.33,True,False,False,1,completed,synthetic_pulse_counter
synthetic_customer_000,cabinet_000,run_0_720,2026-08-15T00:10:00+00:00,2026-08-15T00:40:00+00:00,30,359.69,287.75,True,False,False,1,completed,synthetic_pulse_counter
synthetic_customer_000,cabinet_000,run_0_756,2026-08-15T06:10:00+00:00,2026-08-15T06:40:00+00:00,30,75.93,0.0,True,False,False,1,interrupted,synthetic_pulse_counter
synthetic_customer_000,cabinet_000,run_0_792,2026-08-15T12:10:00+00:00,2026-08-15T12:40:00+00:00,30,359.57,287.66,True,False,False,1,completed,synthetic_pulse_counter
synthetic_customer_000,cabinet_000,run_0_828,2026-08-15T18:10:00+00:00,2026-08-15T18:40:00+00:00,30,357.2,285.76,True,False,False,1,completed,synthetic_pulse_counter
synthetic_customer_000,cabinet_000,run_0_864,2026-08-16T00:10:00+00:00,2026-08-16T00:40:00+00:00,30,361.45,289.16,True,False,False,1,completed,synthetic_pulse_counter
synthetic_customer_000,cabinet_000,run_0_900,2026-08-16T06:10:00+00:00,2026-08-16T06:40:00+00:00,30,238.94,0.0,True,False,False,1,interrupted,synthetic_pulse_counter
synthetic_customer_000,cabinet_000,run_0_936,2026-08-16T12:10:00+00:00,2026-08-16T12:40:00+00:00,30,359.49,287.59,True,False,False,1,completed,synthetic_pulse_counter
synthetic_customer_000,cabinet_000,run_0_972,2026-08-16T18:10:00+00:00,2026-08-16T18:40:00+00:00,30,358.65,286.92,True,False,False,1,completed,synthetic_pulse_counter
synthetic_customer_000,cabinet_000,run_0_1008,2026-08-17T00:10:00+00:00,2026-08-17T00:40:00+00:00,30,360.94,288.76,True,False,False,1,completed,synthetic_pulse_counter
synthetic_customer_000,cabinet_000,run_0_1044,2026-08-17T06:10:00+00:00,2026-08-17T06:40:00+00:00,30,359.86,287.89,True,False,False,1,completed,synthetic_pulse_counter
synthetic_customer_000,cabinet_000,run_0_1080,2026-08-17T12:10:00+00:00,2026-08-17T12:40:00+00:00,30,120.02,0.0,True,False,False,1,interrupted,synthetic_pulse_counter
synthetic_customer_000,cabinet_000,run_0_1116,2026-08-17T18:10:00+00:00,2026-08-17T18:40:00+00:00,30,362.66,290.13,True,False,False,1,completed,synthetic_pulse_counter
synthetic_customer_000,cabinet_000,run_0_1152,2026-08-18T00:10:00+00:00,2026-08-18T00:40:00+00:00,30,0.56,0.0,True,False,False,1,interrupted,synthetic_pulse_counter
synthetic_customer_000,cabinet_000,run_0_1188,2026-08-18T06:10:00+00:00,2026-08-18T06:40:00+00:00,30,361.58,289.26,True,False,False,1,completed,synthetic_pulse_counter
synthetic_customer_000,cabinet_000,run_0_1224,2026-08-18T12:10:00+00:00,2026-08-18T12:40:00+00:00,30,359.19,287.35,True,False,False,1,completed,synthetic_pulse_counter
synthetic_customer_000,cabinet_000,run_0_1260,2026-08-18T18:10:00+00:00,2026-08-18T18:40:00+00:00,30,,,False,True,False,1,interrupted,synthetic_pulse_counter
synthetic_customer_000,cabinet_000,run_0_1296,2026-08-19T00:10:00+00:00,2026-08-19T00:40:00+00:00,30,363.51,290.81,True,False,False,1,completed,synthetic_pulse_counter
synthetic_customer_000,cabinet_000,run_0_1332,2026-08-19T06:10:00+00:00,2026-08-19T06:40:00+00:00,30,434.48,347.58,True,False,False,1,completed,synthetic_pulse_counter
synthetic_customer_000,cabinet_000,run_0_1368,2026-08-19T12:10:00+00:00,2026-08-19T12:40:00+00:00,30,358.9,287.12,True,False,False,1,completed,synthetic_pulse_counter
synthetic_customer_000,cabinet_000,run_0_1404,2026-08-19T18:10:00+00:00,2026-08-19T18:40:00+00:00,30,362.34,289.88,True,False,False,1,completed,synthetic_pulse_counter
synthetic_customer_000,cabinet_000,run_0_1440,2026-08-20T00:10:00+00:00,2026-08-20T00:40:00+00:00,30,359.52,287.62,True,False,False,1,completed,synthetic_pulse_counter
synthetic_customer_000,cabinet_000,run_0_1476,2026-08-20T06:10:00+00:00,2026-08-20T06:40:00+00:00,30,356.85,285.48,True,False,False,1,completed,synthetic_pulse_counter
synthetic_customer_000,cabinet_000,run_0_1512,2026-08-20T12:10:00+00:00,2026-08-20T12:40:00+00:00,30,222.49,177.99,True,False,False,1,completed,synthetic_pulse_counter
synthetic_customer_000,cabinet_000,run_0_1548,2026-08-20T18:10:00+00:00,2026-08-20T18:40:00+00:00,30,360.62,288.5,True,False,False,1,completed,synthetic_pulse_counter
synthetic_customer_000,cabinet_000,run_0_1584,2026-08-21T00:10:00+00:00,2026-08-21T00:40:00+00:00,30,359.99,287.99,True,False,False,1,completed,synthetic_pulse_counter
synthetic_customer_000,cabinet_000,run_0_1620,2026-08-21T06:10:00+00:00,2026-08-21T06:40:00+00:00,30,119.86,0.0,True,False,False,1,interrupted,synthetic_pulse_counter
synthetic_customer_000,cabinet_000,run_0_1656,2026-08-21T12:10:00+00:00,2026-08-21T12:40:00+00:00,30,362.82,290.26,True,False,False,1,completed,synthetic_pulse_counter
synthetic_customer_000,cabinet_000,run_0_1692,2026-08-21T18:10:00+00:00,2026-08-21T18:40:00+00:00,30,361.31,289.05,True,False,False,1,completed,synthetic_pulse_counter
synthetic_customer_000,cabinet_000,run_0_1728,2026-08-22T00:10:00+00:00,2026-08-22T00:40:00+00:00,30,360.02,288.02,True,False,False,1,completed,synthetic_pulse_counter
synthetic_customer_000,cabinet_000,run_0_1764,2026-08-22T06:10:00+00:00,2026-08-22T06:40:00+00:00,30,288.25,230.6,True,False,False,1,completed,synthetic_pulse_counter
synthetic_customer_000,cabinet_000,run_0_1800,2026-08-22T12:10:00+00:00,2026-08-22T12:40:00+00:00,30,121.51,0.0,True,False,False,1,interrupted,synthetic_pulse_counter
synthetic_customer_000,cabinet_000,run_0_1836,2026-08-22T18:10:00+00:00,2026-08-22T18:40:00+00:00,30,359.46,287.57,True,False,False,1,completed,synthetic_pulse_counter
synthetic_customer_000,cabinet_000,run_0_1872,2026-08-23T00:10:00+00:00,2026-08-23T00:40:00+00:00,30,358.86,287.09,True,False,False,1,completed,synthetic_pulse_counter
synthetic_customer_000,cabinet_000,run_0_1908,2026-08-23T06:10:00+00:00,2026-08-23T06:40:00+00:00,30,1.79,0.0,True,False,False,1,interrupted,synthetic_pulse_counter
synthetic_customer_000,cabinet_000,run_0_1944,2026-08-23T12:10:00+00:00,2026-08-23T12:40:00+00:00,30,360.48,288.38,True,False,False,1,completed,synthetic_pulse_counter
synthetic_customer_000,cabinet_000,run_0_1980,2026-08-23T18:10:00+00:00,2026-08-23T18:40:00+00:00,30,360.77,288.62,True,False,False,1,completed,synthetic_pulse_counter
synthetic_customer_000,cabinet_000,run_0_2016,2026-08-24T00:10:00+00:00,2026-08-24T00:40:00+00:00,30,358.86,287.09,True,False,False,1,completed,synthetic_pulse_counter
synthetic_customer_000,cabinet_000,run_0_2052,2026-08-24T06:10:00+00:00,2026-08-24T06:40:00+00:00,30,358.93,287.14,True,False,False,1,completed,synthetic_pulse_counter
synthetic_customer_000,cabinet_000,run_0_2088,2026-08-24T12:10:00+00:00,2026-08-24T12:40:00+00:00,30,1.34,0.0,True,False,False,1,interrupted,synthetic_pulse_counter
synthetic_customer_000,cabinet_000,run_0_2124,2026-08-24T18:10:00+00:00,2026-08-24T18:40:00+00:00,30,333.67,266.93,True,False,False,1,completed,synthetic_pulse_counter
synthetic_customer_000,cabinet_000,run_0_2160,2026-08-25T00:10:00+00:00,2026-08-25T00:40:00+00:00,30,,,False,True,False,1,interrupted,synthetic_pulse_counter
synthetic_customer_000,cabinet_000,run_0_2196,2026-08-25T06:10:00+00:00,2026-08-25T06:40:00+00:00,30,362.81,290.25,True,False,False,1,completed,synthetic_pulse_counter
synthetic_customer_000,cabinet_000,run_0_2232,2026-08-25T12:10:00+00:00,2026-08-25T12:40:00+00:00,30,358.66,286.93,True,False,False,1,completed,synthetic_pulse_counter
synthetic_customer_000,cabinet_000,run_0_2268,2026-08-25T18:10:00+00:00,2026-08-25T18:40:00+00:00,30,360.14,288.11,True,False,False,1,completed,synthetic_pulse_counter
synthetic_customer_000,cabinet_000,run_0_2304,2026-08-26T00:10:00+00:00,2026-08-26T00:40:00+00:00,30,359.07,287.26,True,False,False,1,completed,synthetic_pulse_counter
synthetic_customer_000,cabinet_000,run_0_2340,2026-08-26T06:10:00+00:00,2026-08-26T06:40:00+00:00,30,0.59,0.0,True,False,False,1,interrupted,synthetic_pulse_counter
synthetic_customer_000,cabinet_000,run_0_2376,2026-08-26T12:10:00+00:00,2026-08-26T12:40:00+00:00,30,360.19,288.15,True,False,False,1,completed,synthetic_pulse_counter
synthetic_customer_000,cabinet_000,run_0_2412,2026-08-26T18:10:00+00:00,2026-08-26T18:40:00+00:00,30,360.9,288.72,True,False,False,1,completed,synthetic_pulse_counter
synthetic_customer_000,cabinet_000,run_0_2448,2026-08-27T00:10:00+00:00,2026-08-27T00:40:00+00:00,30,359.86,287.89,True,False,False,1,completed,synthetic_pulse_counter
synthetic_customer_000,cabinet_000,run_0_2484,2026-08-27T06:10:00+00:00,2026-08-27T06:40:00+00:00,30,358.61,286.89,True,False,False,1,completed,synthetic_pulse_counter
synthetic_customer_000,cabinet_000,run_0_2520,2026-08-27T12:10:00+00:00,2026-08-27T12:40:00+00:00,30,360.31,288.25,True,False,False,1,completed,synthetic_pulse_counter
synthetic_customer_000,cabinet_000,run_0_2556,2026-08-27T18:10:00+00:00,2026-08-27T18:40:00+00:00,30,234.53,187.63,True,False,False,1,completed,synthetic_pulse_counter
synthetic_customer_000,cabinet_000,run_0_2592,2026-08-28T00:10:00+00:00,2026-08-28T00:40:00+00:00,30,361.07,288.86,True,False,False,1,completed,synthetic_pulse_counter
synthetic_customer_000,cabinet_000,run_0_2628,2026-08-28T06:10:00+00:00,2026-08-28T06:40:00+00:00,30,358.52,286.82,True,False,False,1,completed,synthetic_pulse_counter
synthetic_customer_000,cabinet_000,run_0_2664,2026-08-28T12:10:00+00:00,2026-08-28T12:40:00+00:00,30,360.68,288.55,True,False,False,1,completed,synthetic_pulse_counter
synthetic_customer_000,cabinet_000,run_0_2700,2026-08-28T18:10:00+00:00,2026-08-28T18:40:00+00:00,30,361.05,288.84,True,False,False,1,completed,synthetic_pulse_counter
synthetic_customer_000,cabinet_000,run_0_2736,2026-08-29T00:10:00+00:00,2026-08-29T00:40:00+00:00,30,357.48,285.98,True,False,False,1,completed,synthetic_pulse_counter
synthetic_customer_000,cabinet_000,run_0_2772,2026-08-29T06:10:00+00:00,2026-08-29T06:40:00+00:00,30,359.2,287.36,True,False,False,1,completed,synthetic_pulse_counter
synthetic_customer_000,cabinet_000,run_0_2808,2026-08-29T12:10:00+00:00,2026-08-29T12:40:00+00:00,30,361.63,289.31,True,False,False,1,completed,synthetic_pulse_counter
synthetic_customer_000,cabinet_000,run_0_2844,2026-08-29T18:10:00+00:00,2026-08-29T18:40:00+00:00,30,362.04,289.64,True,False,True,1,completed,synthetic_pulse_counter
synthetic_customer_000,cabinet_000,run_0_2880,2026-08-30T00:10:00+00:00,2026-08-30T00:40:00+00:00,30,357.78,286.23,True,False,False,1,completed,synthetic_pulse_counter
synthetic_customer_000,cabinet_000,run_0_2916,2026-08-30T06:10:00+00:00,2026-08-30T06:40:00+00:00,30,363.1,290.48,True,False,False,1,completed,synthetic_pulse_counter
synthetic_customer_000,cabinet_000,run_0_2952,2026-08-30T12:10:00+00:00,2026-08-30T12:40:00+00:00,30,356.88,285.5,True,False,False,1,completed,synthetic_pulse_counter
synthetic_customer_000,cabinet_000,run_0_2988,2026-08-30T18:10:00+00:00,2026-08-30T18:40:00+00:00,30,359.99,287.99,True,False,False,1,completed,synthetic_pulse_counter
synthetic_customer_000,cabinet_000,run_0_3024,2026-08-31T00:10:00+00:00,2026-08-31T00:40:00+00:00,30,359.15,287.32,True,False,False,1,completed,synthetic_pulse_counter
synthetic_customer_000,cabinet_000,run_0_3060,2026-08-31T06:10:00+00:00,2026-08-31T06:40:00+00:00,30,359.5,287.6,True,False,False,1,completed,synthetic_pulse_counter
synthetic_customer_000,cabinet_000,run_0_3096,2026-08-31T12:10:00+00:00,2026-08-31T12:40:00+00:00,30,361.95,289.56,True,False,False,1,completed,synthetic_pulse_counter
synthetic_customer_000,cabinet_000,run_0_3132,2026-08-31T18:10:00+00:00,2026-08-31T18:40:00+00:00,30,358.22,286.57,True,False,False,1,completed,synthetic_pulse_counter
synthetic_customer_000,cabinet_000,run_0_3168,2026-09-01T00:10:00+00:00,2026-09-01T00:40:00+00:00,30,312.8,250.24,True,False,False,1,completed,synthetic_pulse_counter
synthetic_customer_000,cabinet_000,run_0_3204,2026-09-01T06:10:00+00:00,2026-09-01T06:40:00+00:00,30,362.26,289.81,True,False,False,1,completed,synthetic_pulse_counter
synthetic_customer_000,cabinet_000,run_0_3240,2026-09-01T12:10:00+00:00,2026-09-01T12:40:00+00:00,30,360.04,288.03,True,False,False,1,completed,synthetic_pulse_counter
synthetic_customer_000,cabinet_000,run_0_3276,2026-09-01T18:10:00+00:00,2026-09-01T18:40:00+00:00,30,360.94,288.75,True,False,False,1,completed,synthetic_pulse_counter
synthetic_customer_000,cabinet_000,run_0_3312,2026-09-02T00:10:00+00:00,2026-09-02T00:40:00+00:00,30,412.42,329.94,True,False,False,1,completed,synthetic_pulse_counter
synthetic_customer_000,cabinet_000,run_0_3348,2026-09-02T06:10:00+00:00,2026-09-02T06:40:00+00:00,30,359.06,287.25,True,False,False,1,completed,synthetic_pulse_counter
synthetic_customer_000,cabinet_000,run_0_3384,2026-09-02T12:10:00+00:00,2026-09-02T12:40:00+00:00,30,359.47,287.57,True,False,True,1,completed,synthetic_pulse_counter
synthetic_customer_000,cabinet_000,run_0_3420,2026-09-02T18:10:00+00:00,2026-09-02T18:40:00+00:00,30,217.26,173.81,True,False,False,1,completed,synthetic_pulse_counter
synthetic_customer_000,cabinet_000,run_0_3456,2026-09-03T00:10:00+00:00,2026-09-03T00:40:00+00:00,30,,,False,True,False,1,interrupted,synthetic_pulse_counter
synthetic_customer_000,cabinet_000,run_0_3492,2026-09-03T06:10:00+00:00,2026-09-03T06:40:00+00:00,30,361.01,288.81,True,False,False,1,completed,synthetic_pulse_counter
synthetic_customer_000,cabinet_000,run_0_3528,2026-09-03T12:10:00+00:00,2026-09-03T12:40:00+00:00,30,434.82,347.85,True,False,False,1,completed,synthetic_pulse_counter
synthetic_customer_000,cabinet_000,run_0_3564,2026-09-03T18:10:00+00:00,2026-09-03T18:40:00+00:00,30,120.75,0.0,True,False,False,1,interrupted,synthetic_pulse_counter
synthetic_customer_000,cabinet_000,run_0_3600,2026-09-04T00:10:00+00:00,2026-09-04T00:40:00+00:00,30,359.9,287.92,True,False,True,1,completed,synthetic_pulse_counter
synthetic_customer_000,cabinet_000,run_0_3636,2026-09-04T06:10:00+00:00,2026-09-04T06:40:00+00:00,30,359.49,287.59,True,False,False,1,completed,synthetic_pulse_counter
synthetic_customer_000,cabinet_000,run_0_3672,2026-09-04T12:10:00+00:00,2026-09-04T12:40:00+00:00,30,359.67,287.73,True,False,False,1,completed,synthetic_pulse_counter
synthetic_customer_000,cabinet_000,run_0_3708,2026-09-04T18:10:00+00:00,2026-09-04T18:40:00+00:00,30,288.47,230.77,True,False,False,1,completed,synthetic_pulse_counter
synthetic_customer_000,cabinet_000,run_0_3744,2026-09-05T00:10:00+00:00,2026-09-05T00:40:00+00:00,30,362.42,289.93,True,False,False,1,completed,synthetic_pulse_counter
synthetic_customer_000,cabinet_000,run_0_3780,2026-09-05T06:10:00+00:00,2026-09-05T06:40:00+00:00,30,359.75,287.8,True,False,False,1,completed,synthetic_pulse_counter
synthetic_customer_000,cabinet_000,run_0_3816,2026-09-05T12:10:00+00:00,2026-09-05T12:40:00+00:00,30,359.79,287.84,True,False,True,1,completed,synthetic_pulse_counter
synthetic_customer_000,cabinet_000,run_0_3852,2026-09-05T18:10:00+00:00,2026-09-05T18:40:00+00:00,30,357.82,286.26,True,False,False,1,completed,synthetic_pulse_counter
synthetic_customer_000,cabinet_000,run_0_3888,2026-09-06T00:10:00+00:00,2026-09-06T00:40:00+00:00,30,356.8,285.44,True,False,False,1,completed,synthetic_pulse_counter
synthetic_customer_000,cabinet_000,run_0_3924,2026-09-06T06:10:00+00:00,2026-09-06T06:40:00+00:00,30,359.38,287.51,True,False,False,1,completed,synthetic_pulse_counter
synthetic_customer_000,cabinet_000,run_0_3960,2026-09-06T12:10:00+00:00,2026-09-06T12:40:00+00:00,30,359.96,287.97,True,False,False,1,completed,synthetic_pulse_counter
synthetic_customer_000,cabinet_000,run_0_3996,2026-09-06T18:10:00+00:00,2026-09-06T18:40:00+00:00,30,357.96,286.37,True,False,False,1,completed,synthetic_pulse_counter
synthetic_customer_000,cabinet_000,run_0_4032,2026-09-07T00:10:00+00:00,2026-09-07T00:40:00+00:00,30,358.83,287.07,True,False,False,1,completed,synthetic_pulse_counter
synthetic_customer_000,cabinet_000,run_0_4068,2026-09-07T06:10:00+00:00,2026-09-07T06:40:00+00:00,30,,,False,True,False,1,interrupted,synthetic_pulse_counter
synthetic_customer_000,cabinet_000,run_0_4104,2026-09-07T12:10:00+00:00,2026-09-07T12:40:00+00:00,30,359.42,287.54,True,False,False,1,completed,synthetic_pulse_counter
synthetic_customer_000,cabinet_000,run_0_4140,2026-09-07T18:10:00+00:00,2026-09-07T18:40:00+00:00,30,120.9,0.0,True,False,False,1,interrupted,synthetic_pulse_counter
synthetic_customer_000,cabinet_000,run_0_4176,2026-09-08T00:10:00+00:00,2026-09-08T00:40:00+00:00,30,359.49,287.59,True,False,False,1,completed,synthetic_pulse_counter
synthetic_customer_000,cabinet_000,run_0_4212,2026-09-08T06:10:00+00:00,2026-09-08T06:40:00+00:00,30,359.49,287.59,True,False,False,1,completed,synthetic_pulse_counter
synthetic_customer_000,cabinet_000,run_0_4248,2026-09-08T12:10:00+00:00,2026-09-08T12:40:00+00:00,30,358.78,287.02,True,False,False,1,completed,synthetic_pulse_counter
synthetic_customer_000,cabinet_000,run_0_4284,2026-09-08T18:10:00+00:00,2026-09-08T18:40:00+00:00,30,257.56,206.05,True,False,False,1,completed,synthetic_pulse_counter
