customer_id,device_id,event_type,started_at,ended_at,ground_truth_origin,independent_of_feature_threshold
synthetic_customer_011,cabinet_011,no_flow,2026-09-02T17:50:00+00:00,2026-09-02T19:00:00+00:00,synthetic_latent_incident,True
synthetic_customer_011,cabinet_011,no_flow,2026-09-04T02:20:00+00:00,2026-09-04T03:40:00+00:00,synthetic_latent_incident,True
synthetic_customer_011,cabinet_011,no_flow,2026-09-05T13:00:00+00:00,2026-09-05T14:10:00+00:00,synthetic_latent_incident,True
synthetic_customer_011,cabinet_011,no_flow,2026-09-06T12:00:00+00:00,2026-09-06T13:20:00+00:00,synthetic_latent_incident,True
synthetic_customer_011,cabinet_011,no_flow,2026-09-08T07:50:00+00:00,2026-09-08T08:20:00+00:00,synthetic_latent_incident,True
synthetic_customer_011,cabinet_011,leak,2026-09-02T08:00:00+00:00,2026-09-02T08:40:00+00:00,synthetic_latent_incident,True
synthetic_customer_011,cabinet_011,leak,2026-09-03T12:30:00+00:00,2026-09-03T13:40:00+00:00,synthetic_latent_incident,True
synthetic_customer_011,cabinet_011,leak,2026-09-04T13:10:00+00:00,2026-09-04T13:50:00+00:00,synthetic_latent_incident,True
synthetic_customer_011,cabinet_011,leak,2026-09-06T03:10:00+00:00,2026-09-06T04:00:00+00:00,synthetic_latent_incident,True
synthetic_customer_011,cabinet_011,leak,2026-09-07T03:10:00+00:00,2026-09-07T04:00:00+00:00,synthetic_latent_incident,True
synthetic_customer_011,cabinet_011,leak,2026-09-08T04:30:00+00:00,2026-09-08T05:00:00+00:00,synthetic_latent_incident,True
synthetic_customer_011,cabinet_011,irrigation_abort,2026-09-02T15:00:00+00:00,2026-09-02T15:50:00+00:00,synthetic_latent_incident,True
synthetic_customer_011,cabinet_011,irrigation_abort,2026-09-03T12:00:00+00:00,2026-09-03T13:00:00+00:00,synthetic_latent_incident,True
synthetic_customer_011,cabinet_011,irrigation_abort,2026-09-04T10:40:00+00:00,2026-09-04T12:00:00+00:00,synthetic_latent_incident,True
synthetic_customer_011,cabinet_011,irrigation_abort,2026-09-06T05:20:00+00:00,2026-09-06T05:50:00+00:00,synthetic_latent_incident,True
synthetic_customer_011,cabinet_011,irrigation_abort,2026-09-07T07:30:00+00:00,2026-09-07T08:10:00+00:00,synthetic_latent_incident,True
synthetic_customer_011,cabinet_011,irrigation_abort,2026-09-08T18:20:00+00:00,2026-09-08T19:10:00+00:00,synthetic_latent_incident,True
synthetic_customer_011,cabinet_011,sensor_fault,2026-09-02T17:30:00+00:00,2026-09-02T18:50:00+00:00,synthetic_latent_incident,True
synthetic_customer_011,cabinet_011,sensor_fault,2026-09-04T04:20:00+00:00,2026-09-04T05:40:00+00:00,synthetic_latent_incident,True
synthetic_customer_011,cabinet_011,sensor_fault,2026-09-05T10:00:00+00:00,2026-09-05T11:00:00+00:00,synthetic_latent_incident,True
synthetic_customer_011,cabinet_011,sensor_fault,2026-09-06T13:50:00+00:00,2026-09-06T14:40:00+00:00,synthetic_latent_incident,True
synthetic_customer_011,cabinet_011,sensor_fault,2026-09-08T09:20:00+00:00,2026-09-08T10:20:00+00:00,synthetic_latent_incident,True
synthetic_customer_011,cabinet_011,power_loss,2026-09-02T06:50:00+00:00,2026-09-02T07:40:00+00:00,synthetic_latent_incident,True
synthetic_customer_011,cabinet_011,power_loss,2026-09-03T15:40:00+00:00,2026-09-03T16:10:00+00:00,synthetic_latent_incident,True
synthetic_customer_011,cabinet_011,power_loss,2026-09-04T19:40:00+00:00,2026-09-04T21:00:00+00:00,synthetic_latent_incident,True
synthetic_customer_011,cabinet_011,power_loss,2026-09-06T02:10:00+00:00,2026-09-06T03:20:00+00:00,synthetic_latent_incident,True
synthetic_customer_011,cabinet_011,power_loss,2026-09-07T07:10:00+00:00,2026-09-07T07:40:00+00:00,synthetic_latent_incident,True
synthetic_customer_011,cabinet_011,power_loss,2026-09-08T04:10:00+00:00,2026-09-08T04:40:00+00:00,synthetic_latent_incident,True
synthetic_customer_011,cabinet_011,mqtt_loss,2026-09-02T07:10:00+00:00,2026-09-02T08:00:00+00:00,synthetic_latent_incident,True
synthetic_customer_011,cabinet_011,mqtt_loss,2026-09-03T13:50:00+00:00,2026-09-03T14:40:00+00:00,synthetic_latent_incident,True
synthetic_customer_011,cabinet_011,mqtt_loss,2026-09-04T19:10:00+00:00,2026-09-04T20:00:00+00:00,synthetic_latent_incident,True
synthetic_customer_011,cabinet_011,mqtt_loss,2026-09-05T16:30:00+00:00,2026-09-05T17:00:00+00:00,synthetic_latent_incident,True
synthetic_customer_011,cabinet_011,mqtt_loss,2026-09-07T03:00:00+00:00,2026-09-07T04:00:00+00:00,synthetic_latent_incident,True
synthetic_customer_011,cabinet_011,mqtt_loss,2026-09-08T03:40:00+00:00,2026-09-08T04:30:00+00:00,synthetic_latent_incident,True
