customer_id,device_id,observed_at,true,prediction,persistence,moving_average,linear_trend
synthetic_customer_009,cabinet_009,2026-09-07 22:50:00+00:00,1.4836956992608723,1.4802534364848834,1.4756164417176427,1.4737362602137558,1.478687066650679
synthetic_customer_009,cabinet_009,2026-09-07 23:00:00+00:00,1.484549947691078,1.4968516812299029,1.482873784873795,1.4786272106958311,1.4975466363200212
synthetic_customer_009,cabinet_009,2026-09-07 23:10:00+00:00,1.4817503083955088,1.4939485619640573,1.4866404650244316,1.4817102305386232,1.4958895245528077
synthetic_customer_009,cabinet_009,2026-09-07 23:20:00+00:00,1.4875387657706876,1.490830362169958,1.4836956992608723,1.4844033163863664,1.4917749568041019
synthetic_customer_009,cabinet_009,2026-09-07 23:30:00+00:00,1.4933177452685609,1.4845130811291212,1.484549947691078,1.4849620373254606,1.486226110508361
synthetic_customer_009,cabinet_009,2026-09-07 23:40:00+00:00,1.4915413778157265,1.479145229699255,1.4817503083955088,1.4833319851158198,1.476860151766586
synthetic_customer_009,cabinet_009,2026-09-07 23:50:00+00:00,1.493421484390863,1.494868777498146,1.4875387657706876,1.4846130072857582,1.4913818322805028
synthetic_customer_009,cabinet_009,2026-09-08 00:00:00+00:00,1.4860838341036149,1.5010488553304882,1.4933177452685609,1.4875356064782526,1.5020855428460438
synthetic_customer_009,cabinet_009,2026-09-08 00:10:00+00:00,1.4950361676441062,1.499272473618831,1.4915413778157265,1.4907992962849914,1.5013324472359442
synthetic_customer_009,cabinet_009,2026-09-08 00:30:00+00:00,1.4958189085885951,1.485273475614369,1.4860838341036149,1.4903488987700682,1.478849922938669
synthetic_customer_009,cabinet_009,2026-09-08 00:40:00+00:00,1.4966749744326904,1.5040029930883936,1.4950361676441062,1.4915138287128613,1.4985309574724859
synthetic_customer_009,cabinet_009,2026-09-08 01:00:00+00:00,1.4843398831467092,1.5063177440934405,1.4958189085885951,1.4954275381163507,1.5055539830735754
synthetic_customer_009,cabinet_009,2026-09-08 01:10:00+00:00,1.480809323203313,1.4982430897897416,1.4966749744326904,1.4962469415106427,1.4983137812212746
synthetic_customer_009,cabinet_009,2026-09-08 01:20:00+00:00,1.472876272500495,1.488954732135112,1.4895147025537192,1.494002861858335,1.230496347621204
synthetic_customer_009,cabinet_009,2026-09-08 01:30:00+00:00,1.479034650896827,1.4839596278193594,1.4843398831467092,1.4901765200443728,1.4728608577048232
synthetic_customer_009,cabinet_009,2026-09-08 01:40:00+00:00,1.4779014794198335,1.4668897345232377,1.480809323203313,1.4848879696345805,1.4649436719739357
synthetic_customer_009,cabinet_009,2026-09-08 01:50:00+00:00,1.47668577082062,1.4573602871594054,1.472876272500495,1.4793418262835056,1.4562378424472706
synthetic_customer_009,cabinet_009,2026-09-08 02:00:00+00:00,1.4769224823583234,1.4734632861185533,1.479034650896827,1.477573415533545,1.473729418646945
synthetic_customer_009,cabinet_009,2026-09-08 02:10:00+00:00,1.4729328828580968,1.4747948078174742,1.4779014794198335,1.4766041342723852,1.474993635636354
synthetic_customer_009,cabinet_009,2026-09-08 02:20:00+00:00,1.4702675138508143,1.4818571054361298,1.47668577082062,1.4778739670457604,1.4804952691407451
synthetic_customer_009,cabinet_009,2026-09-08 02:40:00+00:00,1.4634124221637814,1.4671704242109733,1.4729328828580968,1.4755137120123465,1.46796428629636
synthetic_customer_009,cabinet_009,2026-09-08 02:50:00+00:00,1.4592711521433308,1.4620534340413094,1.4702675138508143,1.4733742930224114,1.4638492568810086
synthetic_customer_009,cabinet_009,2026-09-08 03:10:00+00:00,1.4566901596876225,1.4547969282281012,1.4634124221637814,1.4668399680072979,1.453891961469466
synthetic_customer_009,cabinet_009,2026-09-08 03:20:00+00:00,1.4455358952546753,1.4457859916249325,1.4592711521433308,1.4613417871535561,1.4482747904358473
synthetic_customer_009,cabinet_009,2026-09-08 03:30:00+00:00,1.439856717395662,1.4584308282653684,1.4580871621264169,1.4602569121445097,1.1676412667665994
synthetic_customer_009,cabinet_009,2026-09-08 03:40:00+00:00,1.4360459651853423,1.444061940661777,1.4566901596876225,1.4580161579857902,1.4499678972114636
synthetic_customer_009,cabinet_009,2026-09-08 03:50:00+00:00,1.433821661285701,1.4318177609848604,1.4455358952546753,1.453437739022905,1.4318006383660198
synthetic_customer_009,cabinet_009,2026-09-08 04:00:00+00:00,1.4254656541215172,1.4253926009506457,1.439856717395662,1.447360924112653,1.4216262726649072
synthetic_customer_009,cabinet_009,2026-09-08 04:10:00+00:00,1.4196655714493058,1.420170873576938,1.4360459651853423,1.4404795259452265,1.4154017706830622
synthetic_customer_009,cabinet_009,2026-09-08 04:20:00+00:00,1.423043596244297,1.4185360676601815,1.433821661285701,1.4365747812889016,1.422107427316727
synthetic_customer_009,cabinet_009,2026-09-08 04:30:00+00:00,1.41307062580409,1.4099240338112882,1.4254656541215172,1.4317777601975203,1.4110745908473723
synthetic_customer_009,cabinet_009,2026-09-08 04:40:00+00:00,1.408195412942377,1.4036607206325677,1.4196655714493058,1.4263176289521748,1.4032851777132693
synthetic_customer_009,cabinet_009,2026-09-08 04:50:00+00:00,1.4084535466611483,1.4079003984297869,1.423043596244297,1.42272494060504,1.412265531202893
synthetic_customer_009,cabinet_009,2026-09-08 05:00:00+00:00,1.4024422442853628,1.4007724227258664,1.41307062580409,1.418593264499231,1.4006755974866627
synthetic_customer_009,cabinet_009,2026-09-08 05:10:00+00:00,1.3955350831738915,1.3962845363833414,1.408195412942377,1.4147698783302547,1.3967252544354483
synthetic_customer_009,cabinet_009,2026-09-08 05:20:00+00:00,1.38639565806555,1.3974012949982781,1.4084535466611483,1.409906528469205,1.3938634970779995
synthetic_customer_009,cabinet_009,2026-09-08 05:30:00+00:00,1.386277360044069,1.3925867218175474,1.4024422442853628,1.4063637346296296,1.3918138627666357
synthetic_customer_009,cabinet_009,2026-09-08 05:40:00+00:00,1.3748958954286243,1.385152705955542,1.3955350831738915,1.4021436247068009,1.382874753405406
synthetic_customer_009,cabinet_009,2026-09-08 05:50:00+00:00,1.367991260750696,1.3733170345345234,1.38639565806555,1.3947909951749349,1.3643377694699519
synthetic_customer_009,cabinet_009,2026-09-08 06:00:00+00:00,1.3774463363826288,1.3762739032682898,1.386277360044069,1.3894027004278369,1.3701124758027752
synthetic_customer_009,cabinet_009,2026-09-08 06:10:00+00:00,1.3657337016838618,1.3621723431146955,1.3748958954286243,1.3825229711794143,1.3542567076833572
synthetic_customer_009,cabinet_009,2026-09-08 06:20:00+00:00,1.3582129111254018,1.3550522774842442,1.367991260750696,1.3763881720744633,1.349586863435842
synthetic_customer_009,cabinet_009,2026-09-08 06:30:00+00:00,1.3492762677304353,1.3697367594434888,1.3774463363826288,1.3734444975206497,1.3686153127211886
synthetic_customer_009,cabinet_009,2026-09-08 06:40:00+00:00,1.3428349109972118,1.3585063995111246,1.3657337016838618,1.3703904329390622,1.3565715079390992
synthetic_customer_009,cabinet_009,2026-09-08 06:50:00+00:00,1.336241232806212,1.3525466399726052,1.3582129111254018,1.367130983063964,1.3484345615001074
synthetic_customer_009,cabinet_009,2026-09-08 07:00:00+00:00,1.3277486248359769,1.3372871259711252,1.3492762677304353,1.3577409601798998,1.3211061990782418
synthetic_customer_009,cabinet_009,2026-09-08 07:10:00+00:00,1.3272005486436924,1.3336309445024912,1.3428349109972118,1.3501080299510164,1.3199361203105617
synthetic_customer_009,cabinet_009,2026-09-08 07:20:00+00:00,1.3096518445319074,1.3276114664633263,1.336241232806212,1.3427841371779532,1.3142695544870224
synthetic_customer_009,cabinet_009,2026-09-08 07:30:00+00:00,1.3111375856337797,1.3187427274928236,1.3277486248359769,1.3356082562131337,1.3062209819415185
synthetic_customer_009,cabinet_009,2026-09-08 07:40:00+00:00,1.2969501573365787,1.3248114365678327,1.3272005486436924,1.3303968020952937,1.311566186290173
synthetic_customer_009,cabinet_009,2026-09-08 07:50:00+00:00,1.3006332074470204,1.3005003694302684,1.3096518445319074,1.3215336726705256,1.2830624562576027
synthetic_customer_009,cabinet_009,2026-09-08 08:00:00+00:00,1.2913403740804277,1.3077501813961736,1.3111375856337797,1.3159966596031265,1.2945265464315825
synthetic_customer_009,cabinet_009,2026-09-08 08:10:00+00:00,1.286844209335999,1.287033232762827,1.2969501573365787,1.3059131958340886,1.266699766029465
synthetic_customer_009,cabinet_009,2026-09-08 08:20:00+00:00,1.2767728076126257,1.2992387215569272,1.3006332074470204,1.3029069834724596,1.2916145703621333
synthetic_customer_009,cabinet_009,2026-09-08 08:30:00+00:00,1.2709151537055856,1.2831776166272626,1.2913403740804277,1.2963079129546757,1.2715431625270757
synthetic_customer_009,cabinet_009,2026-09-08 08:40:00+00:00,1.2530224623765152,1.2842825963412112,1.286844209335999,1.2929392636211492,1.2767382613354195
synthetic_customer_009,cabinet_009,2026-09-08 08:50:00+00:00,1.253040651399696,1.2675637627735852,1.2767728076126257,1.284985797009684,1.252912407778231
synthetic_customer_009,cabinet_009,2026-09-08 09:00:00+00:00,1.247229348122537,1.2617848421198432,1.2709151537055856,1.27817739021807,1.2504899333307435
synthetic_customer_009,cabinet_009,2026-09-08 09:10:00+00:00,1.2382224549530774,1.242531496442894,1.2530224623765152,1.266903474564909,1.2192007154170312
synthetic_customer_009,cabinet_009,2026-09-08 09:20:00+00:00,1.23105762450154,1.2443006491085082,1.253040651399696,1.2589927558272656,1.229308495186766
synthetic_customer_009,cabinet_009,2026-09-08 09:30:00+00:00,1.2256242734162204,1.2393170764510977,1.247229348122537,1.2510974872995826,1.2235435425394883
synthetic_customer_009,cabinet_009,2026-09-08 09:40:00+00:00,1.21337385427444,1.2353663050844697,1.2382224549530774,1.2461641514917698,1.2234224475296396
synthetic_customer_009,cabinet_009,2026-09-08 09:50:00+00:00,1.2111634135900473,1.2241335085008287,1.23105762450154,1.2388364758590515,1.2090745976033843
synthetic_customer_009,cabinet_009,2026-09-08 10:00:00+00:00,1.2054740665676718,1.2189968889636742,1.2256242734162204,1.2316347842902793,1.2040191987099038
synthetic_customer_009,cabinet_009,2026-09-08 10:10:00+00:00,1.196846300764887,1.2061058977593535,1.21337385427444,1.2233519173974001,1.1885252535958024
synthetic_customer_009,cabinet_009,2026-09-08 10:20:00+00:00,1.1898106159876976,1.2055242994044348,1.2111634135900473,1.216720513760236,1.1912692026785545
synthetic_customer_009,cabinet_009,2026-09-08 10:30:00+00:00,1.1877914836814043,1.1998349523820593,1.2054740665676718,1.210003778144053,1.1853238597191231
synthetic_customer_009,cabinet_009,2026-09-08 10:40:00+00:00,1.1814103418121098,1.1950155262525772,1.196846300764887,1.2044945936408686,1.1803187472553343
synthetic_customer_009,cabinet_009,2026-09-08 10:50:00+00:00,1.1631038457785423,1.1843544507769765,1.1898106159876976,1.1973769944400854,1.1684578183853478
synthetic_customer_009,cabinet_009,2026-09-08 11:00:00+00:00,1.1566358361948526,1.1848082842999466,1.1877914836814043,1.191482800144663,1.1701089007951369
synthetic_customer_009,cabinet_009,2026-09-08 11:10:00+00:00,1.157047542046615,1.181308252592357,1.1814103418121098,1.1863374804937372,1.1659743828593325
synthetic_customer_009,cabinet_009,2026-09-08 11:20:00+00:00,1.151560157417978,1.156068875289349,1.1631038457785423,1.177435223757352,1.136397075569387
synthetic_customer_009,cabinet_009,2026-09-08 11:30:00+00:00,1.1362126034230091,1.148738239713236,1.1566358361948526,1.1670500079285016,1.1254801887083008
synthetic_customer_009,cabinet_009,2026-09-08 11:40:00+00:00,1.1347433639741384,1.1508229784542294,1.157047542046615,1.1589290746733367,1.1326847422811204
synthetic_customer_009,cabinet_009,2026-09-08 11:50:00+00:00,1.1284385806585475,1.1523725754120984,1.151560157417978,1.1550811785531485,1.1400164690574135
synthetic_customer_009,cabinet_009,2026-09-08 12:00:00+00:00,1.1199914674472315,1.131482349799765,1.1362126034230091,1.1482734342958674,1.1157893706511657
synthetic_customer_009,cabinet_009,2026-09-08 12:10:00+00:00,1.1160079581833486,1.1295299377822157,1.1347433639741384,1.1408387082717084,1.1124391859016618
synthetic_customer_009,cabinet_009,2026-09-08 12:20:00+00:00,1.1047415752558765,1.1230323566857834,1.1284385806585475,1.133131516018565,1.1053170038991171
synthetic_customer_009,cabinet_009,2026-09-08 12:30:00+00:00,1.106416391029169,1.1194082883197927,1.1199914674472315,1.1277244706933058,1.103770331471454
synthetic_customer_009,cabinet_009,2026-09-08 12:40:00+00:00,1.0934869305222077,1.112062856859076,1.1160079581833486,1.121479335429709,1.0972725523925588
synthetic_customer_009,cabinet_009,2026-09-08 12:50:00+00:00,1.0868965852571435,1.0993353512831123,1.1047415752558765,1.1135803336288188,1.0810445698532054
synthetic_customer_009,cabinet_009,2026-09-08 13:00:00+00:00,1.0865636824311786,1.1063724316459704,1.106416391029169,1.1090553081561314,1.0928413146111067
synthetic_customer_009,cabinet_009,2026-09-08 14:10:00+00:00,1.0504302366821556,1.0593645229567972,1.0582827010756406,1.0582827010756406,0.36803234466504686
synthetic_customer_009,cabinet_009,2026-09-08 14:20:00+00:00,1.0374615011380206,1.059476505090598,1.0538327238725644,1.0560577124741024,0.35913239025889454
synthetic_customer_009,cabinet_009,2026-09-08 14:30:00+00:00,1.0358098212346885,1.0594052241490461,1.0537614429310125,1.0552922892930725,0.35898982837579063
synthetic_customer_009,cabinet_009,2026-09-08 14:40:00+00:00,1.0316148871466304,1.0427929903560764,1.0504302366821556,1.052674801161911,1.0425777722886707
synthetic_customer_009,cabinet_009,2026-09-08 14:50:00+00:00,1.031554149227841,1.0295049368602232,1.0374615011380206,1.047217726917063,1.0210902784034768
synthetic_customer_009,cabinet_009,2026-09-08 15:00:00+00:00,1.0286777860270946,1.026739900071778,1.0358098212346885,1.0412338530182883,1.0178581995383644
synthetic_customer_009,cabinet_009,2026-09-08 15:10:00+00:00,1.0242115726711063,1.0276697858223578,1.0316148871466304,1.0349620698397797,1.0127995376111052
synthetic_customer_009,cabinet_009,2026-09-08 15:20:00+00:00,1.0200547944903249,1.0364608884392004,1.031554149227841,1.0329929525363866,1.0256467973176615
synthetic_customer_009,cabinet_009,2026-09-08 15:30:00+00:00,1.0148023690329169,1.0332622977849322,1.0286777860270946,1.0306156074671888,1.0215457508195007
synthetic_customer_009,cabinet_009,2026-09-08 15:40:00+00:00,1.0177995770278154,1.028766551191458,1.0242115726711063,1.0281478359753473,1.0168082581955822
synthetic_customer_009,cabinet_009,2026-09-08 15:50:00+00:00,1.0150213140307778,1.0208672124844453,1.0200547944903249,1.0243147177295084,1.0085554397528087
synthetic_customer_009,cabinet_009,2026-09-08 16:00:00+00:00,1.009001476705346,1.014824232817267,1.0148023690329169,1.0196895787314493,1.0009269520387392
synthetic_customer_009,cabinet_009,2026-09-08 16:10:00+00:00,1.0060999715567558,1.0227173885879997,1.0177995770278154,1.0175522468503524,1.0113875813845246
synthetic_customer_009,cabinet_009,2026-09-08 16:20:00+00:00,1.0105788992742863,1.0194039114399578,1.0150213140307778,1.0158744200305034,1.0099878335712307
synthetic_customer_009,cabinet_009,2026-09-08 16:30:00+00:00,1.0078692383822787,1.0139440063281562,1.009001476705346,1.0139407892546464,1.003200584377775
synthetic_customer_009,cabinet_009,2026-09-08 16:40:00+00:00,1.0006767034034512,1.0069123895508763,1.0060999715567558,1.010040920764293,0.9944003660856962
synthetic_customer_009,cabinet_009,2026-09-08 16:50:00+00:00,1.004374762624438,1.0145655124654818,1.0105788992742863,1.0085601158454627,1.006136484517795
synthetic_customer_009,cabinet_009,2026-09-08 17:00:00+00:00,1.000234151370058,1.0117828353536316,1.0078692383822787,1.008182703071107,1.0067370000592115
synthetic_customer_009,cabinet_009,2026-09-08 17:10:00+00:00,0.9927113778318488,1.0056035088834205,1.0006767034034512,1.0063749470200054,0.9952534352501465
synthetic_customer_009,cabinet_009,2026-09-08 17:20:00+00:00,0.9851709955722696,1.009267644467702,1.004374762624438,1.0043069014700559,0.9981706259745895
synthetic_customer_009,cabinet_009,2026-09-08 17:30:00+00:00,0.9926664905364262,1.004697195738831,1.000234151370058,1.0017618724659823,0.9925990643578371
synthetic_customer_009,cabinet_009,2026-09-08 17:40:00+00:00,0.998249788890122,0.9968619382962313,0.9927113778318488,0.9991067639421148,0.9847460522602465
synthetic_customer_009,cabinet_009,2026-09-08 17:50:00+00:00,0.997209685269708,0.981225894247997,0.9851709955722696,0.9927055082580587,0.9659672285201013
synthetic_customer_009,cabinet_009,2026-09-08 18:00:00+00:00,0.9894435685642784,0.9971295349051994,0.9926664905364262,0.9901829546468482,0.9850988297027945
synthetic_customer_009,cabinet_009,2026-09-08 18:10:00+00:00,1.0004773519392225,1.000795616274277,0.998249788890122,0.9920290916662725,1.003788199948395
synthetic_customer_009,cabinet_009,2026-09-08 18:20:00+00:00,0.9984348937707804,1.0030163314734335,0.997209685269708,0.9960419882320855,1.0092483749671464
synthetic_customer_009,cabinet_009,2026-09-08 19:30:00+00:00,1.009940505565563,1.0024021558236518,0.9986002483111738,0.9991708313403923,1.0077569280580692
synthetic_customer_009,cabinet_009,2026-09-08 19:40:00+00:00,1.0070905395322496,1.0084687573273565,1.0041519970127206,1.0003957130315584,1.0078266420862187
synthetic_customer_009,cabinet_009,2026-09-08 19:50:00+00:00,1.0092276025014473,1.0115776994865722,1.0078272665127153,1.0035265039455366,1.01721963925465
synthetic_customer_009,cabinet_009,2026-09-08 20:00:00+00:00,1.0095199878378922,1.014530505738023,1.009940505565563,1.0073065896969997,1.0212807628199523
synthetic_customer_009,cabinet_009,2026-09-08 20:10:00+00:00,1.018943223931433,1.0109963705341474,1.0070905395322496,1.008286103870176,1.0100290820517785
synthetic_customer_009,cabinet_009,2026-09-08 20:20:00+00:00,1.0168863336733072,1.0138491085043113,1.0092276025014473,1.0087528825330867,1.0106279384901793
synthetic_customer_009,cabinet_009,2026-09-08 20:30:00+00:00,1.015466000373138,1.0154999128063897,1.0095199878378922,1.0086127099571964,1.0090994701102214
synthetic_customer_009,cabinet_009,2026-09-08 20:40:00+00:00,1.017635799048216,1.0244441755361238,1.018943223931433,1.0125636047569242,1.0307959083306166
synthetic_customer_009,cabinet_009,2026-09-08 20:50:00+00:00,1.029123340754426,1.019971217741829,1.0168863336733072,1.0151165151475443,1.024545064845167
synthetic_customer_009,cabinet_009,2026-09-08 21:00:00+00:00,1.0290106348673385,1.017202138669986,1.015466000373138,1.0170985193259596,1.0214120129083837
synthetic_customer_009,cabinet_009,2026-09-08 21:10:00+00:00,1.0405434295107008,1.0211732089291863,1.017635799048216,1.0166627110315538,1.016328374164999
synthetic_customer_009,cabinet_009,2026-09-08 21:20:00+00:00,1.045681844903347,1.0350622615707932,1.029123340754426,1.0207417133919268,1.0413603478355449
synthetic_customer_009,cabinet_009,2026-09-08 21:30:00+00:00,1.0365696374277245,1.0355419622153272,1.0290106348673385,1.0252565915566603,1.042555269361539
synthetic_customer_009,cabinet_009,2026-09-08 21:40:00+00:00,1.0431010730728392,1.051844142535082,1.0405434295107008,1.0328924683774885,1.0634510599731855
synthetic_customer_009,cabinet_009,2026-09-08 21:50:00+00:00,1.0475648397345276,1.0548347534517353,1.045681844903347,1.0384119697604621,1.0622403490522678
synthetic_customer_009,cabinet_009,2026-09-08 22:00:00+00:00,1.053869576011508,1.0396545214962463,1.0365696374277245,1.0409316372805908,1.0441286399881105
synthetic_customer_009,cabinet_009,2026-09-08 22:10:00+00:00,1.060907247292826,1.0466119317014018,1.0431010730728392,1.041784185134637,1.0456587166349776
synthetic_customer_009,cabinet_009,2026-09-08 22:20:00+00:00,1.064055793737598,1.0516689088635378,1.0475648397345276,1.042411850078364,1.0494478345657083
synthetic_customer_009,cabinet_009,2026-09-08 22:30:00+00:00,1.059507976306962,1.063081946479128,1.053869576011508,1.0481784962729583,1.0711695145952915
synthetic_customer_009,cabinet_009,2026-09-08 22:40:00+00:00,1.0710815148520243,1.0702490756874328,1.060907247292826,1.0541138876796208,1.078713421512813
synthetic_customer_009,cabinet_009,2026-09-08 22:50:00+00:00,1.0774487267779012,1.0732087022859864,1.064055793737598,1.0596108723473108,1.0805467477406685
synthetic_customer_009,cabinet_009,2026-09-08 23:00:00+00:00,1.0811317062444878,1.0618055617931204,1.059507976306962,1.0614903391124622,1.0651463766024158
synthetic_customer_009,cabinet_009,2026-09-08 23:10:00+00:00,1.0953908574481528,1.074837530998411,1.0710815148520243,1.064881761632195,1.0812557824112226
synthetic_customer_009,cabinet_009,2026-09-08 23:20:00+00:00,1.0956753061368976,1.0840991522682497,1.0774487267779012,1.0693460726456292,1.0908416598182042
synthetic_customer_009,cabinet_009,2026-09-08 23:30:00+00:00,1.1027883363059687,1.092097080009025,1.0811317062444878,1.0765539826248045,1.1027554361820138
synthetic_customer_010,cabinet_010,2026-09-08 00:10:00+00:00,1.5253447785883354,1.5164092286270345,1.517877865422519,1.521587829467706,1.5101925314776496
synthetic_customer_010,cabinet_010,2026-09-08 00:20:00+00:00,1.5238980087787288,1.5132575721568629,1.5137785357482318,1.5193169008109606,1.5069657497779954
synthetic_customer_010,cabinet_010,2026-09-08 00:30:00+00:00,1.5240589647449163,1.5206320212357467,1.5214549299695983,1.5177037770467834,1.516615558677067
synthetic_customer_010,cabinet_010,2026-09-08 00:40:00+00:00,1.528666642055992,1.5322739095305793,1.5253447785883354,1.5201927481020554,1.5328116917541519
synthetic_customer_010,cabinet_010,2026-09-08 00:50:00+00:00,1.523761338649006,1.5340785644556647,1.5238980087787288,1.523565905778888,1.5340174818092258
synthetic_customer_010,cabinet_010,2026-09-08 01:00:00+00:00,1.529435368213975,1.5271088942336999,1.5240589647449163,1.5244339173706605,1.5266629995202343
synthetic_customer_010,cabinet_010,2026-09-08 01:10:00+00:00,1.5311154511127416,1.5349057431080322,1.528666642055992,1.525541205193213,1.5319885055236486
synthetic_customer_010,cabinet_010,2026-09-08 01:20:00+00:00,1.5329205897112363,1.525386969724171,1.523761338649006,1.5254956484833049,1.5236246685192834
synthetic_customer_010,cabinet_010,2026-09-08 01:30:00+00:00,1.5407538913488326,1.5360070973974722,1.529435368213975,1.5272877829729914,1.5348117716830336
synthetic_customer_010,cabinet_010,2026-09-08 01:40:00+00:00,1.544428582403821,1.5343712536240732,1.5311154511127416,1.5281040526585745,1.5335642601694912
synthetic_customer_010,cabinet_010,2026-09-08 01:50:00+00:00,1.5437187781923551,1.5430552425163613,1.5329205897112363,1.5311571363459846,1.5420798407734666
synthetic_customer_010,cabinet_010,2026-09-08 02:00:00+00:00,1.5417899331333245,1.5546862174685459,1.5407538913488326,1.534929977390937,1.5520724144836902
synthetic_customer_010,cabinet_010,2026-09-08 02:10:00+00:00,1.5427384564665938,1.5607403865744551,1.544428582403821,1.539367687821297,1.5577417136949006
synthetic_customer_010,cabinet_010,2026-09-08 02:20:00+00:00,1.546710668254131,1.5599789324092277,1.5437187781923551,1.5429670839816698,1.554516966673474
synthetic_customer_010,cabinet_010,2026-09-08 02:30:00+00:00,1.5524495084296657,1.5411010396391691,1.5417899331333245,1.543312431243167,1.5428259749178164
synthetic_customer_010,cabinet_010,2026-09-08 02:40:00+00:00,1.5597151259279756,1.5392711697692414,1.5427384564665938,1.5427490559307582,1.5410483305293665
synthetic_customer_010,cabinet_010,2026-09-08 02:50:00+00:00,1.5604055053495292,1.555376952739382,1.546710668254131,1.5437463526180168,1.5497025583159068
synthetic_customer_010,cabinet_010,2026-09-08 03:00:00+00:00,1.564731069011056,1.569080901948791,1.5524495084296657,1.5472995443834636,1.5631090837260069
synthetic_customer_010,cabinet_010,2026-09-08 03:10:00+00:00,1.566550501297799,1.5766964581649503,1.5597151259279756,1.5529584342039244,1.5766917953893573
synthetic_customer_010,cabinet_010,2026-09-08 03:20:00+00:00,1.5740520345681872,1.5761133703304884,1.5604055053495292,1.5575233799023902,1.5741003424449274
synthetic_customer_010,cabinet_010,2026-09-08 03:30:00+00:00,1.5761873333894498,1.5807431685468571,1.564731069011056,1.5616172334295204,1.5770126295924465
synthetic_customer_010,cabinet_010,2026-09-08 03:40:00+00:00,1.578867415483623,1.580343411183456,1.566550501297799,1.5638956918861284,1.5733858766676223
synthetic_customer_010,cabinet_010,2026-09-08 03:50:00+00:00,1.5894159182427312,1.590108041150424,1.5740520345681872,1.5684445349590144,1.5876985637868453
synthetic_customer_010,cabinet_010,2026-09-08 04:00:00+00:00,1.5858205440652866,1.5957824755080958,1.5761873333894498,1.5722632897518123,1.5876435977678436
synthetic_customer_010,cabinet_010,2026-09-08 04:10:00+00:00,1.599435413071582,1.5981207437901803,1.578867415483623,1.5763689278137536,1.5911843296694472
synthetic_customer_010,cabinet_010,2026-09-08 04:20:00+00:00,1.59988084840128,1.6057745978390845,1.5894159182427312,1.581490222371935,1.6047798019172752
synthetic_customer_010,cabinet_010,2026-09-08 04:30:00+00:00,1.6004916864395988,1.6038780001406452,1.5858205440652866,1.584701292597214,1.5954537547411234
synthetic_customer_010,cabinet_010,2026-09-08 04:40:00+00:00,1.6069787220067842,1.616818054408528,1.599435413071582,1.5915572917932002,1.620003410659541
synthetic_customer_010,cabinet_010,2026-09-08 04:50:00+00:00,1.6162805565886489,1.617878611715113,1.59988084840128,1.59504560184605,1.610345778559829
synthetic_customer_010,cabinet_010,2026-09-08 05:00:00+00:00,1.6260923539040737,1.6196946529815266,1.6004916864395988,1.5999359826374873,1.615162828813911
synthetic_customer_010,cabinet_010,2026-09-08 05:10:00+00:00,1.626409267748359,1.6174952654413806,1.6069787220067842,1.6024504189492212,1.6145220309419863
synthetic_customer_010,cabinet_010,2026-09-08 05:20:00+00:00,1.63137558684768,1.633250696643104,1.6162805565886489,1.6079169883450108,1.6326802647760177
synthetic_customer_010,cabinet_010,2026-09-08 05:30:00+00:00,1.643054325671884,1.6433969438826699,1.6260923539040737,1.6164505441665025,1.6516930213685486
synthetic_customer_010,cabinet_010,2026-09-08 05:40:00+00:00,1.6427725581804185,1.6413825870182928,1.626409267748359,1.6229273927470276,1.645839813489934
synthetic_customer_010,cabinet_010,2026-09-08 05:50:00+00:00,1.6531469062868347,1.648543231553272,1.63137558684768,1.6279590695000377,1.6464706171067112
synthetic_customer_010,cabinet_010,2026-09-08 06:00:00+00:00,1.6548116473651218,1.6593204989927972,1.643054325671884,1.633613060089308,1.6600162974396941
synthetic_customer_010,cabinet_010,2026-09-08 06:10:00+00:00,1.6633312611570652,1.6603101815904728,1.6427725581804185,1.6390674902333278,1.6591358486124779
synthetic_customer_010,cabinet_010,2026-09-08 06:20:00+00:00,1.670738765439837,1.6683634266053136,1.6531469062868347,1.646324596713046,1.6749182257259894
synthetic_customer_010,cabinet_010,2026-09-08 06:30:00+00:00,1.6812856670115832,1.6662570242345518,1.6548116473651218,1.6502437039441251,1.6665689690583596
synthetic_customer_010,cabinet_010,2026-09-08 06:40:00+00:00,1.6873909170217714,1.6805630760011447,1.6633312611570652,1.657096604936341,1.683889964133712
synthetic_customer_010,cabinet_010,2026-09-08 06:50:00+00:00,1.6962380208945984,1.6885194423111456,1.670738765439837,1.6629605579873417,1.6883306245928391
synthetic_customer_010,cabinet_010,2026-09-08 07:10:00+00:00,1.707703601954266,1.7034806325535883,1.6873909170217714,1.679805116491064,1.7114505728864775
synthetic_customer_010,cabinet_010,2026-09-08 07:20:00+00:00,1.707625151604027,1.7131409619698346,1.6962380208945984,1.688304868309318,1.72173727634936
synthetic_customer_010,cabinet_010,2026-09-08 07:40:00+00:00,1.7331707486762806,1.7223025354717172,1.707703601954266,1.7019708114244327,1.7280162868867606
synthetic_customer_010,cabinet_010,2026-09-08 07:50:00+00:00,1.731752309599886,1.724514464504142,1.707625151604027,1.7076643767791468,1.7190122823134557
synthetic_customer_010,cabinet_010,2026-09-08 08:00:00+00:00,1.7436045038017705,1.7103338266016757,1.7126785423198063,1.7093357652927,1.6768240271533783
synthetic_customer_010,cabinet_010,2026-09-08 08:10:00+00:00,1.7492859233052933,1.7495695649583036,1.7331707486762806,1.7178248142000383,1.7586378953982953
synthetic_customer_010,cabinet_010,2026-09-08 08:20:00+00:00,1.7489707433073731,1.749303069063576,1.731752309599886,1.725867200198658,1.7558794675957448
synthetic_customer_010,cabinet_010,2026-09-08 08:30:00+00:00,1.768436966444592,1.7585083441629412,1.7436045038017705,1.7361758540259793,1.7745304652837346
synthetic_customer_010,cabinet_010,2026-09-08 08:40:00+00:00,1.7691373438206084,1.76778200450273,1.7492859233052933,1.741547578902317,1.765401097934306
synthetic_customer_010,cabinet_010,2026-09-08 08:50:00+00:00,1.7746605190760305,1.7671950029768995,1.7489707433073731,1.7472870568048127,1.7661891770148603
synthetic_customer_010,cabinet_010,2026-09-08 09:00:00+00:00,1.7811541893569611,1.785355571398167,1.768436966444592,1.7555645443524197,1.7932694290874136
synthetic_customer_010,cabinet_010,2026-09-08 09:10:00+00:00,1.7841074326394797,1.7873114970222097,1.7691373438206084,1.7621816845241913,1.7889887643359235
synthetic_customer_010,cabinet_010,2026-09-08 09:20:00+00:00,1.7995706755791203,1.7931792985802804,1.7746605190760305,1.770744943113744,1.800350294844688
synthetic_customer_010,cabinet_010,2026-09-08 09:30:00+00:00,1.8089677563622617,1.7991102243826043,1.7811541893569611,1.7749840174178668,1.7938714122693302
synthetic_customer_010,cabinet_010,2026-09-08 09:50:00+00:00,1.8216296022911955,1.8179569070326693,1.7995706755791203,1.7882774325251873,1.8244808320822101
synthetic_customer_010,cabinet_010,2026-09-08 10:00:00+00:00,1.815760411991228,1.826050918917557,1.8089677563622617,1.7975486215269543,1.8367813233675623
synthetic_customer_010,cabinet_010,2026-09-08 10:20:00+00:00,1.834633305960752,1.8359665293571132,1.8216296022911955,1.815298679326729,1.8436885290032707
synthetic_customer_010,cabinet_010,2026-09-08 10:30:00+00:00,1.840808949351352,1.8269767470018359,1.815760411991228,1.8186950071412122,1.8225530676201944
synthetic_customer_010,cabinet_010,2026-09-08 10:40:00+00:00,1.8519974064174989,1.8315955042966081,1.829326343679056,1.8222387859871603,1.9101196298718779
synthetic_customer_010,cabinet_010,2026-09-08 10:50:00+00:00,1.856908015168901,1.8464530549012241,1.834633305960752,1.8265733538770126,1.8476370096303085
synthetic_customer_010,cabinet_010,2026-09-08 11:00:00+00:00,1.864085969642551,1.8518424494413253,1.840808949351352,1.834922866330387,1.8658574867114759
synthetic_customer_010,cabinet_010,2026-09-08 11:10:00+00:00,1.8797131758041827,1.867963261070004,1.8519974064174989,1.8424798872432013,1.8746684691559417
synthetic_customer_010,cabinet_010,2026-09-08 11:20:00+00:00,1.8772624338530477,1.8726446616310468,1.856908015168901,1.8499047903125845,1.87918272437705
synthetic_customer_010,cabinet_010,2026-09-08 11:30:00+00:00,1.886250226784653,1.883198892979209,1.864085969642551,1.8576637970763172,1.8873629899337498
synthetic_customer_010,cabinet_010,2026-09-08 11:40:00+00:00,1.8836603913016443,1.896987941077045,1.8797131758041827,1.8669023868718788,1.9074289451908666
synthetic_customer_010,cabinet_010,2026-09-08 11:50:00+00:00,1.894689136379619,1.8971233981927447,1.8772624338530477,1.8736871930999275,1.8976168525371944
synthetic_customer_010,cabinet_010,2026-09-08 12:00:00+00:00,1.8970303702934497,1.904814967840168,1.886250226784653,1.8810752788139615,1.9084144839267552
synthetic_customer_010,cabinet_010,2026-09-08 12:10:00+00:00,1.9054282623008036,1.8878628976379603,1.8836603913016443,1.8823910173131153,1.8876076067991059
synthetic_customer_010,cabinet_010,2026-09-08 12:20:00+00:00,1.9079240835057063,1.9088196998168332,1.894689136379619,1.8881999181553057,1.9121158389061903
synthetic_customer_010,cabinet_010,2026-09-08 12:30:00+00:00,1.9135846816533733,1.9112179167010204,1.8970303702934497,1.891793299324905,1.9078105138022463
synthetic_customer_010,cabinet_010,2026-09-08 12:40:00+00:00,1.9168577081797284,1.919954010912502,1.9054282623008036,1.8990492563246244,1.927196133299963
synthetic_customer_010,cabinet_010,2026-09-08 12:50:00+00:00,1.920036769589566,1.923304653633399,1.9079240835057063,1.9034609053666536,1.9211590306317936
synthetic_customer_010,cabinet_010,2026-09-08 13:00:00+00:00,1.936052882366624,1.9302863121600873,1.9135846816533733,1.9089790091532948,1.9301389930132968
synthetic_customer_010,cabinet_010,2026-09-08 13:10:00+00:00,1.937486035329372,1.9334640048044787,1.9168577081797284,1.9127888244462696,1.9282871540586533
synthetic_customer_010,cabinet_010,2026-09-08 13:20:00+00:00,1.9319290730458516,1.9353748806732007,1.920036769589566,1.916826386474223,1.9321494556734256
synthetic_customer_010,cabinet_010,2026-09-08 13:30:00+00:00,1.942226010133271,1.9483303705685242,1.936052882366624,1.9243157867119731,1.958521083079875
synthetic_customer_010,cabinet_010,2026-09-08 13:40:00+00:00,1.9476588203776344,1.9524774162107452,1.937486035329372,1.9311918957618541,1.9581143624790154
synthetic_customer_010,cabinet_010,2026-09-08 13:50:00+00:00,1.9502180602174408,1.9448793127881812,1.9319290730458516,1.9351559969139496,1.9438213765021373
synthetic_customer_010,cabinet_010,2026-09-08 14:00:00+00:00,1.954790769305801,1.9522731120511643,1.942226010133271,1.9372137061694985,1.9483991378999177
synthetic_customer_010,cabinet_010,2026-09-08 14:10:00+00:00,1.9642019237844195,1.961408000355947,1.9476588203776344,1.9406046345189194,1.9578316054258968
synthetic_customer_010,cabinet_010,2026-09-08 14:20:00+00:00,1.964406204528775,1.9660138313173103,1.9502180602174408,1.9467009635761157,1.96850704738903
synthetic_customer_010,cabinet_010,2026-09-08 14:30:00+00:00,1.962797186466968,1.9613313039487812,1.954790769305801,1.9508892166336258,1.9673555284783313
synthetic_customer_010,cabinet_010,2026-09-08 14:40:00+00:00,1.9666853779539712,1.9738958913758875,1.9642019237844195,1.9564035844358874,1.9807450271912046
synthetic_customer_010,cabinet_010,2026-09-08 14:50:00+00:00,1.973447973487778,1.9754254873104133,1.964406204528775,1.9611329658729988,1.978594348840109
synthetic_customer_010,cabinet_010,2026-09-08 15:00:00+00:00,1.964506027149802,1.972179658379885,1.962797186466968,1.9638017715933878,1.970803603628135
synthetic_customer_010,cabinet_010,2026-09-08 15:10:00+00:00,1.971945307667204,1.9696897926262593,1.9666853779539712,1.964629589649905,1.969168832123523
synthetic_customer_010,cabinet_010,2026-09-08 15:20:00+00:00,1.979513665047876,1.9839543690532355,1.973447973487778,1.9676435126362393,1.982489742446781
synthetic_customer_010,cabinet_010,2026-09-08 15:30:00+00:00,1.977115636434928,1.9685257390192112,1.964506027149802,1.968213126197184,1.966214867832636
synthetic_customer_010,cabinet_010,2026-09-08 15:40:00+00:00,1.988491001038737,1.9776077807928958,1.971945307667204,1.969966436101595,1.9772052373804367
synthetic_customer_010,cabinet_010,2026-09-08 15:50:00+00:00,1.985375264548451,1.985051592268552,1.979513665047876,1.9719883332882944,1.985579356607974
synthetic_customer_010,cabinet_010,2026-09-08 16:00:00+00:00,1.985475963724181,1.98786535555535,1.977115636434928,1.9761915363833362,1.989725245720054
synthetic_customer_010,cabinet_010,2026-09-08 16:10:00+00:00,1.991145244675272,2.0003743786322032,1.988491001038737,1.9817067675071807,2.00503669441027
synthetic_customer_010,cabinet_010,2026-09-08 16:20:00+00:00,1.996844621868777,1.9881310302629558,1.985375264548451,1.9836606340073724,1.9912368640490261
synthetic_customer_010,cabinet_010,2026-09-08 16:30:00+00:00,1.9863205777857085,1.9935225959083922,1.985475963724181,1.9864474097704568,1.993836291013434
synthetic_customer_010,cabinet_010,2026-09-08 16:40:00+00:00,1.990221625742835,1.9940331132123645,1.991145244675272,1.9873321576493017,1.9937994883118069
synthetic_customer_010,cabinet_010,2026-09-08 16:50:00+00:00,1.9875269967389224,2.0100212330541978,1.996844621868777,1.991155276756077,2.008313979189103
synthetic_customer_010,cabinet_010,2026-09-08 17:00:00+00:00,1.9891915903219968,1.986960230182112,1.9863205777857085,1.991436814776586,1.987165191847236
synthetic_customer_010,cabinet_010,2026-09-08 17:10:00+00:00,1.99626438261968,1.9878678427861294,1.990221625742835,1.9911289417991072,1.9892980068103978
synthetic_customer_010,cabinet_010,2026-09-08 17:20:00+00:00,1.9931666201815244,1.9750487016314306,1.9875269967389224,1.9880230667558223,1.9782093716090678
synthetic_customer_010,cabinet_010,2026-09-08 17:30:00+00:00,1.9941178442945808,1.9904970697095221,1.9891915903219968,1.988980070934585,1.992062602858285
synthetic_customer_010,cabinet_010,2026-09-08 17:40:00+00:00,1.9866833082637636,1.9974349309431902,1.99626438261968,1.9909943232268665,2.002307139496525
synthetic_customer_010,cabinet_010,2026-09-08 17:50:00+00:00,1.995483495552412,1.9925279689998237,1.9931666201815244,1.992874197707734,1.9988062436241263
synthetic_customer_010,cabinet_010,2026-09-08 18:00:00+00:00,1.988304285032462,1.9939213914048006,1.9941178442945808,1.994516282365262,1.999044098267165
synthetic_customer_010,cabinet_010,2026-09-08 18:10:00+00:00,1.995524337703038,1.9743198398752713,1.9866833082637636,1.99132259091329,1.9771022339078472
synthetic_customer_010,cabinet_010,2026-09-08 18:20:00+00:00,1.9825123267063876,1.9957374226369595,1.995483495552412,1.9920948827035858,1.9978003709232994
synthetic_customer_010,cabinet_010,2026-09-08 18:30:00+00:00,1.980103712871775,1.9780792035375405,1.988304285032462,1.9901570296162128,1.982490725770343
synthetic_customer_010,cabinet_010,2026-09-08 18:40:00+00:00,1.9921655986915376,2.002472608073694,1.995524337703038,1.9931040394293043,2.0043653671423125
synthetic_customer_010,cabinet_010,2026-09-08 18:50:00+00:00,1.9887553052204343,1.9722867356943925,1.9825123267063876,1.9887803164806295,1.9695411578603632
synthetic_customer_010,cabinet_010,2026-09-08 19:00:00+00:00,1.9807732735782888,1.9679188178834366,1.980103712871775,1.986046792427067,1.9719031407110879
synthetic_customer_010,cabinet_010,2026-09-08 19:10:00+00:00,1.971358932088096,1.9872718698267704,1.9921655986915376,1.984927212756567,1.9888068596800372
synthetic_customer_010,cabinet_010,2026-09-08 19:20:00+00:00,1.977607928628536,1.9905002362331197,1.9887553052204343,1.9870082055945826,1.994998283734481
synthetic_customer_010,cabinet_010,2026-09-08 19:30:00+00:00,1.9705291767532551,1.9799907989542274,1.9807732735782888,1.987231392496754,1.9814428342848027
synthetic_customer_010,cabinet_010,2026-09-08 19:40:00+00:00,1.964556346728043,1.958621202952393,1.971358932088096,1.9802958369622734,1.9505522654846543
synthetic_customer_010,cabinet_010,2026-09-08 20:50:00+00:00,1.942731692675706,1.9373078123437584,1.9535467519282923,1.9628774251365304,1.9294855752280486
synthetic_customer_010,cabinet_010,2026-09-08 21:00:00+00:00,1.9386879641893695,1.9302612951243978,1.9464794724058296,1.954860857020722,1.9224297680584042
synthetic_customer_010,cabinet_010,2026-09-08 21:10:00+00:00,1.931956040081656,1.9297218638314602,1.944487441439646,1.94817122192459,1.9244185361512491
synthetic_customer_010,cabinet_010,2026-09-08 21:20:00+00:00,1.9325597522936933,1.925586015560302,1.942731692675706,1.9445662021737276,1.9319166334231195
synthetic_customer_010,cabinet_010,2026-09-08 21:30:00+00:00,1.9330629702727775,1.9215659546668789,1.9386879641893695,1.9419690327682406,1.9308964559729094
synthetic_customer_010,cabinet_010,2026-09-08 21:40:00+00:00,1.9213137787383088,1.9163172872608623,1.931956040081656,1.937791898982244,1.919424638723666
synthetic_customer_010,cabinet_010,2026-09-08 21:50:00+00:00,1.9239152418730223,1.9185666742029392,1.9325597522936933,1.93440125218824,1.9223878119116806
synthetic_customer_010,cabinet_010,2026-09-08 22:00:00+00:00,1.914886016357128,1.9220135429254208,1.9330629702727775,1.9325262542160424,1.9274379763561855
synthetic_customer_010,cabinet_010,2026-09-08 22:10:00+00:00,1.903573665321371,1.908669683678249,1.9213137787383088,1.9289788337682603,1.9106715173949615
synthetic_customer_010,cabinet_010,2026-09-08 22:20:00+00:00,1.9029533241361003,1.9108294018377463,1.9239152418730223,1.926097330294703,1.9152707314523514
synthetic_customer_010,cabinet_010,2026-09-08 22:30:00+00:00,1.8844564410511089,1.8988396394127947,1.914886016357128,1.9200383456561534,1.8967090624414784
synthetic_customer_010,cabinet_010,2026-09-08 22:40:00+00:00,1.8743942551375807,1.8867291266705266,1.903573665321371,1.914124974517174,1.8858335519044334
synthetic_customer_010,cabinet_010,2026-09-08 22:50:00+00:00,1.886351099728927,1.8837713631636104,1.9029533241361003,1.9071376686048669,1.8819914063991783
synthetic_customer_010,cabinet_010,2026-09-08 23:00:00+00:00,1.8701235711601845,1.867305881578719,1.8844564410511089,1.8969944768361937,1.8540268657450898
synthetic_customer_010,cabinet_010,2026-09-08 23:10:00+00:00,1.8679678684713168,1.858316830588047,1.8743942551375807,1.8872680067749303,1.8452148449537904
synthetic_customer_010,cabinet_010,2026-09-08 23:20:00+00:00,1.8756298721114797,1.8664123290865355,1.886351099728927,1.881733931972539,1.8697488753217537
synthetic_customer_010,cabinet_010,2026-09-08 23:30:00+00:00,1.857334779641545,1.8533375640594043,1.8701235711601845,1.8769563086755643,1.85579070126926
synthetic_customer_011,cabinet_011,2026-09-07 22:50:00+00:00,2.114498224363003,2.111270539881829,2.097725463467461,2.09355454919896,2.114395613638157
synthetic_customer_011,cabinet_011,2026-09-07 23:00:00+00:00,2.126231585307186,2.1119529167191926,2.1037409384390906,2.098825212954187,2.1195529297047733
synthetic_customer_011,cabinet_011,2026-09-07 23:10:00+00:00,2.126047018675405,2.11826325772439,2.1093391920247915,2.103601864643781,2.123669147093573
synthetic_customer_011,cabinet_011,2026-09-07 23:20:00+00:00,2.1317097743706976,2.126267674601264,2.114498224363003,2.109192784942295,2.131270985258545
synthetic_customer_011,cabinet_011,2026-09-07 23:30:00+00:00,2.137548123707196,2.144109389358571,2.126231585307186,2.1166896672316597,2.1487222321752815
synthetic_customer_011,cabinet_011,2026-09-07 23:40:00+00:00,2.135754646666563,2.1410750951793878,2.126047018675405,2.122258942781865,2.1427548453260186
synthetic_customer_011,cabinet_011,2026-09-07 23:50:00+00:00,2.154128604279117,2.1496571753879423,2.1317097743706976,2.1279961261177625,2.1489213243783922
synthetic_customer_011,cabinet_011,2026-09-08 00:00:00+00:00,2.161248376805199,2.1475619210213,2.137548123707196,2.131768305584433,2.1488646621072056
synthetic_customer_011,cabinet_011,2026-09-08 00:10:00+00:00,2.161568115621665,2.145872581339528,2.135754646666563,2.1350041815814853,2.1454622746577208
synthetic_customer_011,cabinet_011,2026-09-08 00:20:00+00:00,2.1607709015140277,2.1720673246165045,2.154128604279117,2.142477124884292,2.1765474341875364
synthetic_customer_011,cabinet_011,2026-09-08 00:30:00+00:00,2.177362380031413,2.178603185746094,2.161248376805199,2.150377209250293,2.1849486299032024
synthetic_customer_011,cabinet_011,2026-09-08 00:40:00+00:00,2.167022464739935,2.177950020662021,2.161568115621665,2.1589816989019934,2.1873815845767672
synthetic_customer_011,cabinet_011,2026-09-08 00:50:00+00:00,2.170819305510168,2.1655902574060613,2.1607709015140277,2.161195797980297,2.1674131987489385
synthetic_customer_011,cabinet_011,2026-09-08 01:00:00+00:00,2.183436520342142,2.196704035102342,2.177362380031413,2.166567132389035,2.193476383257627
synthetic_customer_011,cabinet_011,2026-09-08 01:10:00+00:00,2.183516630389328,2.1699022920727478,2.167022464739935,2.168385248761792,2.1724768138582053
synthetic_customer_011,cabinet_011,2026-09-08 01:20:00+00:00,2.1874825857323046,2.185078192682352,2.170819305510168,2.1717347167605054,2.1808677095063085
synthetic_customer_011,cabinet_011,2026-09-08 01:30:00+00:00,2.1873212775207564,2.188624149096122,2.183436520342142,2.1737594301974155,2.1895106606528714
synthetic_customer_011,cabinet_011,2026-09-08 01:40:00+00:00,2.1986946509537617,2.203070686255674,2.183516630389328,2.179257485413879,2.2000107960387205
synthetic_customer_011,cabinet_011,2026-09-08 01:50:00+00:00,2.1988700758353863,2.207223696249107,2.1874825857323046,2.1848119121545913,2.204145865954441
synthetic_customer_011,cabinet_011,2026-09-08 02:10:00+00:00,2.206685262201798,2.218050960884524,2.1986946509537617,2.191166171402274,2.2138726715181956
synthetic_customer_011,cabinet_011,2026-09-08 02:20:00+00:00,2.2052636314799696,2.2164128536811782,2.1988700758353863,2.1949620014366347,2.210257565938468
synthetic_customer_011,cabinet_011,2026-09-08 02:40:00+00:00,2.2038549013487265,2.2195543799517843,2.206685262201798,2.202777669018592,2.214675873449834
synthetic_customer_011,cabinet_011,2026-09-08 02:50:00+00:00,2.213924579347323,2.2145896309975703,2.2052636314799696,2.2059744468408837,2.211657187124553
synthetic_customer_011,cabinet_011,2026-09-08 03:00:00+00:00,2.2083577760657067,2.201327410472943,2.2098300188467466,2.207259637509505,2.6711269802072586
synthetic_customer_011,cabinet_011,2026-09-08 04:40:00+00:00,2.2242537266610385,2.243309878944792,2.228220193328057,2.2168341829136957,2.2525854853073874
synthetic_customer_011,cabinet_011,2026-09-08 04:50:00+00:00,2.2230534632175627,2.2218503922327324,2.2196079692615784,2.2187286462184472,2.225291359175834
synthetic_customer_011,cabinet_011,2026-09-08 05:00:00+00:00,2.224904384832921,2.2201924422099126,2.2176306111183397,2.2218195912359917,2.2269034461709727
synthetic_customer_011,cabinet_011,2026-09-08 05:10:00+00:00,2.2221581946816875,2.219453423481979,2.2242537266610385,2.2204974356803184,2.22028725999402
synthetic_customer_011,cabinet_011,2026-09-08 05:20:00+00:00,2.217030183416582,2.2265030973221656,2.2230534632175627,2.221645933665647,2.226498957173547
synthetic_customer_011,cabinet_011,2026-09-08 05:30:00+00:00,2.2223083249474525,2.2356535223951974,2.224904384832921,2.2240705249038406,2.2321781585475025
synthetic_customer_011,cabinet_011,2026-09-08 05:40:00+00:00,2.222654970266122,2.2175932551898256,2.2221581946816875,2.223372014244057,2.2200626627023365
synthetic_customer_011,cabinet_011,2026-09-08 05:50:00+00:00,2.216562314703037,2.2037411263615656,2.217030183416582,2.2213642543103966,2.2110069036156017
synthetic_customer_011,cabinet_011,2026-09-08 06:00:00+00:00,2.213156448400283,2.2182469275059526,2.2223083249474525,2.2204989010152407,2.219712265061984
synthetic_customer_011,cabinet_011,2026-09-08 06:10:00+00:00,2.211744270782709,2.221931823639593,2.222654970266122,2.2206644928767187,2.2231517458505565
synthetic_customer_011,cabinet_011,2026-09-08 06:20:00+00:00,2.2114181256150363,2.214866023002247,2.216562314703037,2.2205085366388704,2.216094445989492
synthetic_customer_011,cabinet_011,2026-09-08 06:30:00+00:00,2.2104091167435254,2.195427544536993,2.213156448400283,2.2174579111231476,2.204004571853113
synthetic_customer_011,cabinet_011,2026-09-08 06:40:00+00:00,2.2068978612059245,2.194073801134633,2.211744270782709,2.213821011295343,2.200833571299296
synthetic_customer_011,cabinet_011,2026-09-08 06:50:00+00:00,2.197026382493413,2.202197962840098,2.2114181256150363,2.212106281599343,2.2062739365270354
synthetic_customer_011,cabinet_011,2026-09-08 07:00:00+00:00,2.202433550851337,2.206286870153502,2.2104091167435254,2.2111905043804234,2.207661785086768
synthetic_customer_011,cabinet_011,2026-09-08 07:10:00+00:00,2.198126461418625,2.1998172214562057,2.2068978612059245,2.209575034521495,2.20205145162914
synthetic_customer_011,cabinet_011,2026-09-08 07:20:00+00:00,2.20617871320107,2.1780237262748883,2.197026382493413,2.2047777868142875,2.18263463937179
synthetic_customer_011,cabinet_011,2026-09-08 07:30:00+00:00,2.193917015958546,2.1879251479177166,2.202433550851337,2.2021192648502246,2.194457984959149
synthetic_customer_011,cabinet_011,2026-09-08 07:40:00+00:00,2.188880402491985,2.1829295033758944,2.198126461418625,2.1991954649211247,2.1893550616313253
synthetic_customer_011,cabinet_011,2026-09-08 07:50:00+00:00,2.191813413180876,2.222719612517826,2.20617871320107,2.2022462418236777,2.2153310439087273
synthetic_customer_011,cabinet_011,2026-09-08 08:00:00+00:00,2.18270896004234,2.1792841052986778,2.193917015958546,2.1994073968594137,2.185400481065755
synthetic_customer_011,cabinet_011,2026-09-08 08:10:00+00:00,2.1793776100864024,2.1730378714908825,2.188880402491985,2.1963253772172,2.1796343435653447
synthetic_customer_011,cabinet_011,2026-09-08 08:20:00+00:00,2.177757940850259,2.172207465517952,2.191813413180876,2.1915369438771353,2.1774481131606818
synthetic_customer_011,cabinet_011,2026-09-08 08:30:00+00:00,2.1693624908526634,2.1663101430776948,2.18270896004234,2.1878009252384003,2.1715009041261344
synthetic_customer_011,cabinet_011,2026-09-08 08:40:00+00:00,2.1698246583078307,2.16347526036096,2.1793776100864024,2.184633327769873,2.16987481768082
synthetic_customer_011,cabinet_011,2026-09-08 10:20:00+00:00,2.1074243537044826,2.128188140590649,2.1248030707391448,2.1248030707391448,2.501073083992055
synthetic_customer_011,cabinet_011,2026-09-08 10:30:00+00:00,2.10876961493294,2.1250162049675674,2.1224674780160795,2.123635274377612,2.4964018985459244
synthetic_customer_011,cabinet_011,2026-09-08 10:40:00+00:00,2.0976532281066245,2.1161384465663864,2.1135897196148985,2.1202867561233742,2.4786463817435624
synthetic_customer_011,cabinet_011,2026-09-08 10:50:00+00:00,2.092465136947478,2.0912096406993945,2.1074243537044826,2.1144938504451534,2.0900456366698204
synthetic_customer_011,cabinet_011,2026-09-08 11:00:00+00:00,2.094171715321198,2.0953915108278114,2.10876961493294,2.109927896084107,2.0950717518498
synthetic_customer_011,cabinet_011,2026-09-08 11:10:00+00:00,2.0839230675715688,2.083934203305537,2.0976532281066245,2.1046157322480155,2.0817167365983504
synthetic_customer_011,cabinet_011,2026-09-08 11:20:00+00:00,2.075213616298797,2.079295248120593,2.092465136947478,2.099629326662347,2.0775059201904735
synthetic_customer_011,cabinet_011,2026-09-08 11:30:00+00:00,2.0636376272486685,2.082704633804862,2.094171715321198,2.0947633601251003,2.0795738157094563
synthetic_customer_011,cabinet_011,2026-09-08 11:40:00+00:00,2.0563478016299044,2.0754798420615903,2.0839230675715688,2.0901866399467477,2.070192907036513
synthetic_customer_011,cabinet_011,2026-09-08 11:50:00+00:00,2.061210467556417,2.062871736023383,2.075213616298797,2.0844361330638543,2.057962095650116
synthetic_customer_011,cabinet_011,2026-09-08 12:00:00+00:00,2.0441353611168864,2.0452916341143434,2.0636376272486685,2.074258103706345,2.033103539176139
synthetic_customer_011,cabinet_011,2026-09-08 12:20:00+00:00,2.0355029329859984,2.0506350141215597,2.061210467556417,2.0603986321449965,2.047207318814037
synthetic_customer_011,cabinet_011,2026-09-08 12:50:00+00:00,2.0087044064658985,2.0193001249525464,2.0355029329859984,2.039819147051442,2.0097953984155796
synthetic_customer_011,cabinet_011,2026-09-08 13:10:00+00:00,1.9971168223146447,2.0105509364235106,2.0205011748046484,2.028002053895323,2.2924692921230623
synthetic_customer_011,cabinet_011,2026-09-08 13:20:00+00:00,1.9924466300880892,1.9964543082761304,2.0087044064658985,2.0146027906352733,1.9819058799457987
synthetic_customer_011,cabinet_011,2026-09-08 13:30:00+00:00,1.9862298901894653,1.9924815901298762,2.001758458666009,2.0103213466455183,2.254983859845783
synthetic_customer_011,cabinet_011,2026-09-08 13:40:00+00:00,1.976068360277408,1.9820799074215485,1.9971168223146447,2.002526562482184,1.973732469824641
synthetic_customer_011,cabinet_011,2026-09-08 13:50:00+00:00,1.9681953302744268,1.976527658755467,1.9924466300880892,1.9971073036895808,1.9761888537102799
synthetic_customer_011,cabinet_011,2026-09-08 14:00:00+00:00,1.9617243562427435,1.9702237892604075,1.9862298901894653,1.9919311141973994,1.9707013217129217
synthetic_customer_011,cabinet_011,2026-09-08 14:10:00+00:00,1.9578510366193116,1.962610757592211,1.976068360277408,1.9849149601849874,1.9550198982401714
synthetic_customer_011,cabinet_011,2026-09-08 14:20:00+00:00,1.9607211633543256,1.9529231042459558,1.9681953302744268,1.9768311935804332,1.9439440304607645
synthetic_customer_011,cabinet_011,2026-09-08 14:30:00+00:00,1.9466401616564093,1.946812708268618,1.9617243562427435,1.9686626822648592,1.9372188222960218
synthetic_customer_011,cabinet_011,2026-09-08 14:40:00+00:00,1.935972258752149,1.941706876398149,1.9578510366193116,1.9625902410454936,1.9396337129612151
synthetic_customer_011,cabinet_011,2026-09-08 14:50:00+00:00,1.9442577569119268,1.9465505605547566,1.9607211633543256,1.9600988520721268,1.9532469964342243
synthetic_customer_011,cabinet_011,2026-09-08 15:00:00+00:00,1.9329821884035727,1.929910568796805,1.9466401616564093,1.9550707872100155,1.931555967070075
synthetic_customer_011,cabinet_011,2026-09-08 15:10:00+00:00,1.9234018265324533,1.920049497193445,1.935972258752149,1.9477778612542942,1.9140934808849865
synthetic_customer_011,cabinet_011,2026-09-08 15:20:00+00:00,1.9167148536106584,1.9262702389235988,1.9442577569119268,1.9422900591068284,1.927794350469528
synthetic_customer_011,cabinet_011,2026-09-08 15:30:00+00:00,1.9037778169213035,1.9172346284658313,1.9329821884035727,1.9377374013558828,1.9193242151507361
synthetic_customer_011,cabinet_011,2026-09-08 15:40:00+00:00,1.899434591348144,1.9088304242255323,1.9234018265324533,1.9335472572826509,1.9108313943127575
synthetic_customer_011,cabinet_011,2026-09-08 15:50:00+00:00,1.8989359214752293,1.9017240150645196,1.9167148536106584,1.9243662895155615,1.88917195030939
synthetic_customer_011,cabinet_011,2026-09-08 16:00:00+00:00,1.8829092928970923,1.8874211668948806,1.9037778169213035,1.9146314990214715,1.8745734454390344
synthetic_customer_011,cabinet_011,2026-09-08 16:10:00+00:00,1.8816001414168892,1.8801859630008086,1.899434591348144,1.9066424206267019,1.8754673561638349
synthetic_customer_011,cabinet_011,2026-09-08 16:20:00+00:00,1.875202872615473,1.8780918839199212,1.8989359214752293,1.9007161099148921,1.8811569893398001
synthetic_customer_011,cabinet_011,2026-09-08 16:30:00+00:00,1.8736131878486768,1.8643852252492041,1.8829092928970923,1.8937599352401548,1.862040768872881
synthetic_customer_011,cabinet_011,2026-09-08 16:40:00+00:00,1.869436377463067,1.8627871781175818,1.8816001414168892,1.8878151185964034,1.8637656914856344
synthetic_customer_011,cabinet_011,2026-09-08 16:50:00+00:00,1.8631149801063236,1.8568513903010957,1.875202872615473,1.879904102309818,1.8514698237557168
synthetic_customer_011,cabinet_011,2026-09-08 17:00:00+00:00,1.8525964633745424,1.8625024173602533,1.8736131878486768,1.8768054006270127,1.8643170828002613
synthetic_customer_011,cabinet_011,2026-09-08 17:10:00+00:00,1.843730187362877,1.855635077381243,1.869436377463067,1.8727508126424055,1.8572726135092446
synthetic_customer_011,cabinet_011,2026-09-08 17:20:00+00:00,1.8333926545596315,1.8522006241175473,1.8631149801063236,1.8687215151393557,1.8510270875971742
synthetic_customer_011,cabinet_011,2026-09-08 17:30:00+00:00,1.8326152420038415,1.835048192141459,1.8525964633745424,1.8617159403146442,1.831579738900408
synthetic_customer_011,cabinet_011,2026-09-08 17:40:00+00:00,1.821394435858727,1.8227905949899281,1.843730187362877,1.8531472102812476,1.8180239972626873
synthetic_customer_011,cabinet_011,2026-09-08 17:50:00+00:00,1.8168584435592596,1.8147386449306961,1.8333926545596315,1.8432397684323503,1.8036703290129394
synthetic_customer_011,cabinet_011,2026-09-08 18:00:00+00:00,1.817401544174794,1.813385220990355,1.8326152420038415,1.8365793613087833,1.8126340206331406
synthetic_customer_011,cabinet_011,2026-09-08 18:10:00+00:00,1.8121331486138976,1.8021026601375683,1.821394435858727,1.8291341108073997,1.799058684354577
synthetic_customer_011,cabinet_011,2026-09-08 18:20:00+00:00,1.810734876354633,1.7977489512309248,1.8168584435592596,1.8236227071406093,1.8003242325588877
synthetic_customer_011,cabinet_011,2026-09-08 18:30:00+00:00,1.8010909684111305,1.7976303617349747,1.817401544174794,1.8185514745309268,1.8021878463457464
synthetic_customer_011,cabinet_011,2026-09-08 18:40:00+00:00,1.800665047679468,1.7984094734998077,1.8121331486138976,1.81546437878265,1.8028718613690682
synthetic_customer_011,cabinet_011,2026-09-08 18:50:00+00:00,1.7913110899792437,1.7973499450297994,1.810734876354633,1.8134231897144415,1.8046113091500062
synthetic_customer_011,cabinet_011,2026-09-08 19:00:00+00:00,1.7921275099246898,1.7850668188084053,1.8010909684111305,1.8079863311265534,1.784780392647467
synthetic_customer_011,cabinet_011,2026-09-08 19:10:00+00:00,1.7878907443422491,1.7875376268022827,1.800665047679468,1.8041636308150768,1.7891969467450382
synthetic_customer_011,cabinet_011,2026-09-08 19:20:00+00:00,1.791120925920764,1.7729268737791937,1.7913110899792437,1.7976890353566137,1.7718873036038545
synthetic_customer_011,cabinet_011,2026-09-08 19:30:00+00:00,1.7739354443430124,1.7775334879553832,1.7921275099246898,1.794701215861134,1.7831640514382492
synthetic_customer_011,cabinet_011,2026-09-08 19:40:00+00:00,1.778564315329986,1.7697239072536264,1.7878907443422491,1.7904431147487276,1.7751164410050304
synthetic_customer_011,cabinet_011,2026-09-08 19:50:00+00:00,1.7776266449438476,1.784494875736969,1.791120925920764,1.790379726729234,1.7909307618622845
synthetic_customer_011,cabinet_011,2026-09-08 20:00:00+00:00,1.7695418742339315,1.7572976638011224,1.7739354443430124,1.784315704868675,1.755743378761335
synthetic_customer_011,cabinet_011,2026-09-08 20:10:00+00:00,1.767305821955982,1.7587179556531929,1.778564315329986,1.7812068951979205,1.7692378863177227
synthetic_customer_011,cabinet_011,2026-09-08 20:20:00+00:00,1.7649644337810906,1.7584296161602198,1.7776266449438476,1.7767088015389483,1.764132363966931
synthetic_customer_011,cabinet_011,2026-09-08 20:30:00+00:00,1.7699779256856372,1.7510968234586064,1.7695418742339315,1.7752442781692548,1.7651483041248506
synthetic_customer_011,cabinet_011,2026-09-08 20:40:00+00:00,1.758188754577299,1.745956005574471,1.767305821955982,1.7714914470445866,1.7560473285819782
synthetic_customer_011,cabinet_011,2026-09-08 20:50:00+00:00,1.7636413611845938,1.742817957964429,1.7649644337810906,1.7672707099903346,1.7523022226183336
synthetic_customer_011,cabinet_011,2026-09-08 21:00:00+00:00,1.7672008573207576,1.7643598289342837,1.7699779256856372,1.7674160604742364,1.7704139771373428
synthetic_customer_011,cabinet_011,2026-09-08 21:10:00+00:00,1.7513654924117028,1.7384115238849607,1.758188754577299,1.7643770380146755,1.7490716871986158
synthetic_customer_011,cabinet_011,2026-09-08 21:20:00+00:00,1.7497825268512022,1.7532072716978506,1.7636413611845938,1.763936013815843,1.762318288588097
synthetic_customer_011,cabinet_011,2026-09-08 21:30:00+00:00,1.7527192270157852,1.7552254056394065,1.7672008573207576,1.7630103243608832,1.764423788955878
synthetic_customer_011,cabinet_011,2026-09-08 21:40:00+00:00,1.753887959476523,1.7338810555285609,1.7513654924117028,1.760735903639018,1.7445422302461067
synthetic_customer_011,cabinet_011,2026-09-08 21:50:00+00:00,1.7578629362507423,1.727406876416629,1.7497825268512022,1.7561162921945541,1.7359236925178105
synthetic_customer_011,cabinet_011,2026-09-08 22:00:00+00:00,1.749343500717872,1.7305975053344,1.7527192270157852,1.7512890820928966,1.7382375967108128
synthetic_customer_011,cabinet_011,2026-09-08 22:10:00+00:00,1.7562295587543928,1.7554421930105892,1.753887959476523,1.7521299044478367,1.7564104265413434
synthetic_customer_011,cabinet_011,2026-09-08 22:20:00+00:00,1.7519066388479048,1.7754969281921384,1.7578629362507423,1.7548233742476835,1.7659433456502824
synthetic_customer_011,cabinet_011,2026-09-08 22:30:00+00:00,1.7525754937062992,1.7395104592045827,1.749343500717872,1.753698132148379,1.7459677744199587
synthetic_customer_011,cabinet_011,2026-09-08 22:40:00+00:00,1.7584170685054217,1.7569659234633939,1.7562295587543928,1.7544786652410023,1.7585711580322625
synthetic_customer_011,cabinet_011,2026-09-08 22:50:00+00:00,1.7484794139613111,1.737364597535803,1.7519066388479048,1.7524932327733895,1.7459503414450672
synthetic_customer_011,cabinet_011,2026-09-08 23:00:00+00:00,1.7508307375623684,1.7566956904010163,1.7525754937062992,1.753570563769532,1.7558074866947264
synthetic_customer_011,cabinet_011,2026-09-08 23:10:00+00:00,1.7488898825841412,1.7586871144824914,1.7584170685054217,1.7542997336865416,1.7606045782564506
synthetic_customer_011,cabinet_011,2026-09-08 23:20:00+00:00,1.7543280886651942,1.7390305903772287,1.7484794139613111,1.7531573253910107,1.7450521890747175
synthetic_customer_011,cabinet_011,2026-09-08 23:30:00+00:00,1.7487424702927337,1.7410333109725047,1.7508307375623684,1.7525757400097002,1.7490859814184376
