customer_id,device_id,command_id,requested_at,requested_by,command,status,replayed
synthetic_customer_004,cabinet_004,cmd_4_0,2026-09-02T00:10:00+00:00,local_schedule,start_irrigation,acknowledged,False
synthetic_customer_004,cabinet_004,cmd_4_36,2026-09-02T06:10:00+00:00,local_schedule,start_irrigation,acknowledged,False
synthetic_customer_004,cabinet_004,cmd_4_72,2026-09-02T12:10:00+00:00,local_schedule,start_irrigation,acknowledged,False
synthetic_customer_004,cabinet_004,cmd_4_108,2026-09-02T18:10:00+00:00,local_schedule,start_irrigation,acknowledged,False
synthetic_customer_004,cabinet_004,cmd_4_144,2026-09-03T00:10:00+00:00,local_schedule,start_irrigation,acknowledged,False
synthetic_customer_004,cabinet_004,cmd_4_180,2026-09-03T06:10:00+00:00,local_schedule,start_irrigation,not_acknowledged,True
synthetic_customer_004,cabinet_004,cmd_4_216,2026-09-03T12:10:00+00:00,local_schedule,start_irrigation,acknowledged,False
synthetic_customer_004,cabinet_004,cmd_4_252,2026-09-03T18:10:00+00:00,local_schedule,start_irrigation,acknowledged,False
synthetic_customer_004,cabinet_004,cmd_4_288,2026-09-04T00:10:00+00:00,local_schedule,start_irrigation,acknowledged,False
synthetic_customer_004,cabinet_004,cmd_4_324,2026-09-04T06:10:00+00:00,local_schedule,start_irrigation,acknowledged,False
synthetic_customer_004,cabinet_004,cmd_4_360,2026-09-04T12:10:00+00:00,local_schedule,start_irrigation,acknowledged,False
synthetic_customer_004,cabinet_004,cmd_4_396,2026-09-04T18:10:00+00:00,local_schedule,start_irrigation,acknowledged,False
synthetic_customer_004,cabinet_004,cmd_4_432,2026-09-05T00:10:00+00:00,local_schedule,start_irrigation,acknowledged,False
synthetic_customer_004,cabinet_004,cmd_4_468,2026-09-05T06:10:00+00:00,local_schedule,start_irrigation,acknowledged,False
synthetic_customer_004,cabinet_004,cmd_4_504,2026-09-05T12:10:00+00:00,local_schedule,start_irrigation,acknowledged,False
synthetic_customer_004,cabinet_004,cmd_4_540,2026-09-05T18:10:00+00:00,local_schedule,start_irrigation,acknowledged,False
synthetic_customer_004,cabinet_004,cmd_4_576,2026-09-06T00:10:00+00:00,local_schedule,start_irrigation,acknowledged,False
synthetic_customer_004,cabinet_004,cmd_4_612,2026-09-06T06:10:00+00:00,local_schedule,start_irrigation,acknowledged,False
synthetic_customer_004,cabinet_004,cmd_4_648,2026-09-06T12:10:00+00:00,local_schedule,start_irrigation,acknowledged,False
synthetic_customer_004,cabinet_004,cmd_4_684,2026-09-06T18:10:00+00:00,local_schedule,start_irrigation,acknowledged,False
synthetic_customer_004,cabinet_004,cmd_4_720,2026-09-07T00:10:00+00:00,local_schedule,start_irrigation,acknowledged,False
synthetic_customer_004,cabinet_004,cmd_4_756,2026-09-07T06:10:00+00:00,local_schedule,start_irrigation,acknowledged,False
synthetic_customer_004,cabinet_004,cmd_4_792,2026-09-07T12:10:00+00:00,local_schedule,start_irrigation,acknowledged,True
synthetic_customer_004,cabinet_004,cmd_4_828,2026-09-07T18:10:00+00:00,local_schedule,start_irrigation,acknowledged,False
synthetic_customer_004,cabinet_004,cmd_4_864,2026-09-08T00:10:00+00:00,local_schedule,start_irrigation,acknowledged,False
synthetic_customer_004,cabinet_004,cmd_4_900,2026-09-08T06:10:00+00:00,local_schedule,start_irrigation,acknowledged,False
synthetic_customer_004,cabinet_004,cmd_4_936,2026-09-08T12:10:00+00:00,local_schedule,start_irrigation,acknowledged,False
synthetic_customer_004,cabinet_004,cmd_4_972,2026-09-08T18:10:00+00:00,local_schedule,start_irrigation,acknowledged,False
