customer_id,device_id,event_type,started_at,ended_at,ground_truth_origin,independent_of_feature_threshold
synthetic_customer_003,cabinet_003,no_flow,2026-08-10T12:30:00+00:00,2026-08-10T13:30:00+00:00,synthetic_latent_incident,True
synthetic_customer_003,cabinet_003,no_flow,2026-08-12T05:10:00+00:00,2026-08-12T06:30:00+00:00,synthetic_latent_incident,True
synthetic_customer_003,cabinet_003,no_flow,2026-08-13T03:40:00+00:00,2026-08-13T04:20:00+00:00,synthetic_latent_incident,True
synthetic_customer_003,cabinet_003,no_flow,2026-08-14T14:40:00+00:00,2026-08-14T15:50:00+00:00,synthetic_latent_incident,True
synthetic_customer_003,cabinet_003,no_flow,2026-08-16T07:30:00+00:00,2026-08-16T08:50:00+00:00,synthetic_latent_incident,True
synthetic_customer_003,cabinet_003,no_flow,2026-08-18T03:30:00+00:00,2026-08-18T04:20:00+00:00,synthetic_latent_incident,True
synthetic_customer_003,cabinet_003,no_flow,2026-08-19T02:20:00+00:00,2026-08-19T03:30:00+00:00,synthetic_latent_incident,True
synthetic_customer_003,cabinet_003,no_flow,2026-08-20T01:00:00+00:00,2026-08-20T02:00:00+00:00,synthetic_latent_incident,True
synthetic_customer_003,cabinet_003,no_flow,2026-08-21T15:10:00+00:00,2026-08-21T16:30:00+00:00,synthetic_latent_incident,True
synthetic_customer_003,cabinet_003,no_flow,2026-08-23T09:50:00+00:00,2026-08-23T11:00:00+00:00,synthetic_latent_incident,True
synthetic_customer_003,cabinet_003,no_flow,2026-08-24T22:40:00+00:00,2026-08-25T00:00:00+00:00,synthetic_latent_incident,True
synthetic_customer_003,cabinet_003,no_flow,2026-08-26T18:40:00+00:00,2026-08-26T19:10:00+00:00,synthetic_latent_incident,True
synthetic_customer_003,cabinet_003,no_flow,2026-08-28T04:10:00+00:00,2026-08-28T04:40:00+00:00,synthetic_latent_incident,True
synthetic_customer_003,cabinet_003,no_flow,2026-08-29T11:10:00+00:00,2026-08-29T11:50:00+00:00,synthetic_latent_incident,True
synthetic_customer_003,cabinet_003,no_flow,2026-08-31T00:10:00+00:00,2026-08-31T00:40:00+00:00,synthetic_latent_incident,True
synthetic_customer_003,cabinet_003,no_flow,2026-09-01T06:20:00+00:00,2026-09-01T07:40:00+00:00,synthetic_latent_incident,True
synthetic_customer_003,cabinet_003,no_flow,2026-09-02T13:00:00+00:00,2026-09-02T14:00:00+00:00,synthetic_latent_incident,True
synthetic_customer_003,cabinet_003,no_flow,2026-09-04T07:50:00+00:00,2026-09-04T09:00:00+00:00,synthetic_latent_incident,True
synthetic_customer_003,cabinet_003,no_flow,2026-09-05T09:20:00+00:00,2026-09-05T10:40:00+00:00,synthetic_latent_incident,True
synthetic_customer_003,cabinet_003,no_flow,2026-09-06T07:50:00+00:00,2026-09-06T08:50:00+00:00,synthetic_latent_incident,True
synthetic_customer_003,cabinet_003,no_flow,2026-09-07T22:30:00+00:00,2026-09-07T23:40:00+00:00,synthetic_latent_incident,True
synthetic_customer_003,cabinet_003,leak,2026-08-10T12:30:00+00:00,2026-08-10T13:10:00+00:00,synthetic_latent_incident,True
synthetic_customer_003,cabinet_003,leak,2026-08-12T07:00:00+00:00,2026-08-12T08:20:00+00:00,synthetic_latent_incident,True
synthetic_customer_003,cabinet_003,leak,2026-08-13T08:00:00+00:00,2026-08-13T08:50:00+00:00,synthetic_latent_incident,True
synthetic_customer_003,cabinet_003,leak,2026-08-14T12:30:00+00:00,2026-08-14T13:30:00+00:00,synthetic_latent_incident,True
synthetic_customer_003,cabinet_003,leak,2026-08-16T06:30:00+00:00,2026-08-16T07:30:00+00:00,synthetic_latent_incident,True
synthetic_customer_003,cabinet_003,leak,2026-08-17T05:50:00+00:00,2026-08-17T06:20:00+00:00,synthetic_latent_incident,True
synthetic_customer_003,cabinet_003,leak,2026-08-18T19:20:00+00:00,2026-08-18T19:50:00+00:00,synthetic_latent_incident,True
synthetic_customer_003,cabinet_003,leak,2026-08-20T00:40:00+00:00,2026-08-20T01:30:00+00:00,synthetic_latent_incident,True
synthetic_customer_003,cabinet_003,leak,2026-08-20T21:50:00+00:00,2026-08-20T22:20:00+00:00,synthetic_latent_incident,True
synthetic_customer_003,cabinet_003,leak,2026-08-22T09:40:00+00:00,2026-08-22T10:30:00+00:00,synthetic_latent_incident,True
synthetic_customer_003,cabinet_003,leak,2026-08-23T15:10:00+00:00,2026-08-23T15:50:00+00:00,synthetic_latent_incident,True
synthetic_customer_003,cabinet_003,leak,2026-08-25T05:40:00+00:00,2026-08-25T06:20:00+00:00,synthetic_latent_incident,True
synthetic_customer_003,cabinet_003,leak,2026-08-26T21:40:00+00:00,2026-08-26T22:20:00+00:00,synthetic_latent_incident,True
synthetic_customer_003,cabinet_003,leak,2026-08-28T05:50:00+00:00,2026-08-28T06:20:00+00:00,synthetic_latent_incident,True
synthetic_customer_003,cabinet_003,leak,2026-08-29T05:40:00+00:00,2026-08-29T07:00:00+00:00,synthetic_latent_incident,True
synthetic_customer_003,cabinet_003,leak,2026-08-31T00:10:00+00:00,2026-08-31T00:40:00+00:00,synthetic_latent_incident,True
synthetic_customer_003,cabinet_003,leak,2026-09-01T08:30:00+00:00,2026-09-01T09:20:00+00:00,synthetic_latent_incident,True
synthetic_customer_003,cabinet_003,leak,2026-09-02T05:30:00+00:00,2026-09-02T06:10:00+00:00,synthetic_latent_incident,True
synthetic_customer_003,cabinet_003,leak,2026-09-03T16:10:00+00:00,2026-09-03T16:50:00+00:00,synthetic_latent_incident,True
synthetic_customer_003,cabinet_003,leak,2026-09-05T11:10:00+00:00,2026-09-05T11:50:00+00:00,synthetic_latent_incident,True
synthetic_customer_003,cabinet_003,leak,2026-09-06T11:40:00+00:00,2026-09-06T13:00:00+00:00,synthetic_latent_incident,True
synthetic_customer_003,cabinet_003,leak,2026-09-07T12:30:00+00:00,2026-09-07T13:30:00+00:00,synthetic_latent_incident,True
synthetic_customer_003,cabinet_003,leak,2026-09-08T22:40:00+00:00,2026-09-09T00:00:00+00:00,synthetic_latent_incident,True
synthetic_customer_003,cabinet_003,irrigation_abort,2026-08-10T10:20:00+00:00,2026-08-10T11:40:00+00:00,synthetic_latent_incident,True
synthetic_customer_003,cabinet_003,irrigation_abort,2026-08-11T09:00:00+00:00,2026-08-11T10:10:00+00:00,synthetic_latent_incident,True
synthetic_customer_003,cabinet_003,irrigation_abort,2026-08-12T20:30:00+00:00,2026-08-12T21:10:00+00:00,synthetic_latent_incident,True
synthetic_customer_003,cabinet_003,irrigation_abort,2026-08-13T22:00:00+00:00,2026-08-13T22:40:00+00:00,synthetic_latent_incident,True
synthetic_customer_003,cabinet_003,irrigation_abort,2026-08-15T15:50:00+00:00,2026-08-15T16:30:00+00:00,synthetic_latent_incident,True
synthetic_customer_003,cabinet_003,irrigation_abort,2026-08-17T01:20:00+00:00,2026-08-17T02:00:00+00:00,synthetic_latent_incident,True
synthetic_customer_003,cabinet_003,irrigation_abort,2026-08-18T13:30:00+00:00,2026-08-18T14:20:00+00:00,synthetic_latent_incident,True
synthetic_customer_003,cabinet_003,irrigation_abort,2026-08-19T21:40:00+00:00,2026-08-19T23:00:00+00:00,synthetic_latent_incident,True
synthetic_customer_003,cabinet_003,irrigation_abort,2026-08-21T01:50:00+00:00,2026-08-21T03:10:00+00:00,synthetic_latent_incident,True
synthetic_customer_003,cabinet_003,irrigation_abort,2026-08-22T21:30:00+00:00,2026-08-22T22:40:00+00:00,synthetic_latent_incident,True
synthetic_customer_003,cabinet_003,irrigation_abort,2026-08-23T21:00:00+00:00,2026-08-23T22:10:00+00:00,synthetic_latent_incident,True
synthetic_customer_003,cabinet_003,irrigation_abort,2026-08-25T12:00:00+00:00,2026-08-25T12:50:00+00:00,synthetic_latent_incident,True
synthetic_customer_003,cabinet_003,irrigation_abort,2026-08-26T20:10:00+00:00,2026-08-26T21:00:00+00:00,synthetic_latent_incident,True
synthetic_customer_003,cabinet_003,irrigation_abort,2026-08-27T19:20:00+00:00,2026-08-27T20:20:00+00:00,synthetic_latent_incident,True
synthetic_customer_003,cabinet_003,irrigation_abort,2026-08-29T01:10:00+00:00,2026-08-29T01:40:00+00:00,synthetic_latent_incident,True
synthetic_customer_003,cabinet_003,irrigation_abort,2026-08-30T04:10:00+00:00,2026-08-30T04:50:00+00:00,synthetic_latent_incident,True
synthetic_customer_003,cabinet_003,irrigation_abort,2026-08-31T01:20:00+00:00,2026-08-31T02:20:00+00:00,synthetic_latent_incident,True
synthetic_customer_003,cabinet_003,irrigation_abort,2026-09-01T12:30:00+00:00,2026-09-01T13:10:00+00:00,synthetic_latent_incident,True
synthetic_customer_003,cabinet_003,irrigation_abort,2026-09-03T04:20:00+00:00,2026-09-03T05:40:00+00:00,synthetic_latent_incident,True
synthetic_customer_003,cabinet_003,irrigation_abort,2026-09-04T08:10:00+00:00,2026-09-04T08:50:00+00:00,synthetic_latent_incident,True
synthetic_customer_003,cabinet_003,irrigation_abort,2026-09-05T15:50:00+00:00,2026-09-05T17:10:00+00:00,synthetic_latent_incident,True
synthetic_customer_003,cabinet_003,irrigation_abort,2026-09-07T02:10:00+00:00,2026-09-07T02:50:00+00:00,synthetic_latent_incident,True
synthetic_customer_003,cabinet_003,irrigation_abort,2026-09-08T13:00:00+00:00,2026-09-08T14:10:00+00:00,synthetic_latent_incident,True
synthetic_customer_003,cabinet_003,sensor_fault,2026-08-10T11:40:00+00:00,2026-08-10T12:50:00+00:00,synthetic_latent_incident,True
synthetic_customer_003,cabinet_003,sensor_fault,2026-08-11T20:00:00+00:00,2026-08-11T21:20:00+00:00,synthetic_latent_incident,True
synthetic_customer_003,cabinet_003,sensor_fault,2026-08-13T04:20:00+00:00,2026-08-13T05:10:00+00:00,synthetic_latent_incident,True
synthetic_customer_003,cabinet_003,sensor_fault,2026-08-14T07:00:00+00:00,2026-08-14T08:00:00+00:00,synthetic_latent_incident,True
synthetic_customer_003,cabinet_003,sensor_fault,2026-08-15T12:50:00+00:00,2026-08-15T14:10:00+00:00,synthetic_latent_incident,True
synthetic_customer_003,cabinet_003,sensor_fault,2026-08-16T19:00:00+00:00,2026-08-16T19:30:00+00:00,synthetic_latent_incident,True
synthetic_customer_003,cabinet_003,sensor_fault,2026-08-18T04:00:00+00:00,2026-08-18T05:10:00+00:00,synthetic_latent_incident,True
synthetic_customer_003,cabinet_003,sensor_fault,2026-08-19T20:10:00+00:00,2026-08-19T20:40:00+00:00,synthetic_latent_incident,True
synthetic_customer_003,cabinet_003,sensor_fault,2026-08-21T08:10:00+00:00,2026-08-21T08:50:00+00:00,synthetic_latent_incident,True
synthetic_customer_003,cabinet_003,sensor_fault,2026-08-22T22:00:00+00:00,2026-08-22T22:50:00+00:00,synthetic_latent_incident,True
synthetic_customer_003,cabinet_003,sensor_fault,2026-08-24T11:50:00+00:00,2026-08-24T12:20:00+00:00,synthetic_latent_incident,True
synthetic_customer_003,cabinet_003,sensor_fault,2026-08-25T23:40:00+00:00,2026-08-26T00:30:00+00:00,synthetic_latent_incident,True
synthetic_customer_003,cabinet_003,sensor_fault,2026-08-27T04:50:00+00:00,2026-08-27T05:20:00+00:00,synthetic_latent_incident,True
synthetic_customer_003,cabinet_003,sensor_fault,2026-08-28T02:20:00+00:00,2026-08-28T03:10:00+00:00,synthetic_latent_incident,True
synthetic_customer_003,cabinet_003,sensor_fault,2026-08-28T22:50:00+00:00,2026-08-29T00:00:00+00:00,synthetic_latent_incident,True
synthetic_customer_003,cabinet_003,sensor_fault,2026-08-30T09:20:00+00:00,2026-08-30T10:00:00+00:00,synthetic_latent_incident,True
synthetic_customer_003,cabinet_003,sensor_fault,2026-08-31T12:30:00+00:00,2026-08-31T13:40:00+00:00,synthetic_latent_incident,True
synthetic_customer_003,cabinet_003,sensor_fault,2026-09-01T17:40:00+00:00,2026-09-01T18:20:00+00:00,synthetic_latent_incident,True
synthetic_customer_003,cabinet_003,sensor_fault,2026-09-03T11:00:00+00:00,2026-09-03T11:40:00+00:00,synthetic_latent_incident,True
synthetic_customer_003,cabinet_003,sensor_fault,2026-09-05T03:10:00+00:00,2026-09-05T03:40:00+00:00,synthetic_latent_incident,True
synthetic_customer_003,cabinet_003,sensor_fault,2026-09-06T15:10:00+00:00,2026-09-06T16:10:00+00:00,synthetic_latent_incident,True
synthetic_customer_003,cabinet_003,sensor_fault,2026-09-07T21:30:00+00:00,2026-09-07T22:50:00+00:00,synthetic_latent_incident,True
synthetic_customer_003,cabinet_003,power_loss,2026-08-10T14:40:00+00:00,2026-08-10T15:50:00+00:00,synthetic_latent_incident,True
synthetic_customer_003,cabinet_003,power_loss,2026-08-12T03:20:00+00:00,2026-08-12T04:30:00+00:00,synthetic_latent_incident,True
synthetic_customer_003,cabinet_003,power_loss,2026-08-13T16:30:00+00:00,2026-08-13T17:40:00+00:00,synthetic_latent_incident,True
synthetic_customer_003,cabinet_003,power_loss,2026-08-15T03:10:00+00:00,2026-08-15T03:50:00+00:00,synthetic_latent_incident,True
synthetic_customer_003,cabinet_003,power_loss,2026-08-16T01:10:00+00:00,2026-08-16T02:00:00+00:00,synthetic_latent_incident,True
synthetic_customer_003,cabinet_003,power_loss,2026-08-17T03:30:00+00:00,2026-08-17T04:30:00+00:00,synthetic_latent_incident,True
synthetic_customer_003,cabinet_003,power_loss,2026-08-18T20:30:00+00:00,2026-08-18T21:30:00+00:00,synthetic_latent_incident,True
synthetic_customer_003,cabinet_003,power_loss,2026-08-20T09:30:00+00:00,2026-08-20T10:30:00+00:00,synthetic_latent_incident,True
synthetic_customer_003,cabinet_003,power_loss,2026-08-21T21:10:00+00:00,2026-08-21T22:30:00+00:00,synthetic_latent_incident,True
synthetic_customer_003,cabinet_003,power_loss,2026-08-23T06:40:00+00:00,2026-08-23T07:10:00+00:00,synthetic_latent_incident,True
synthetic_customer_003,cabinet_003,power_loss,2026-08-24T12:00:00+00:00,2026-08-24T13:20:00+00:00,synthetic_latent_incident,True
synthetic_customer_003,cabinet_003,power_loss,2026-08-26T01:40:00+00:00,2026-08-26T02:40:00+00:00,synthetic_latent_incident,True
synthetic_customer_003,cabinet_003,power_loss,2026-08-27T05:40:00+00:00,2026-08-27T06:40:00+00:00,synthetic_latent_incident,True
synthetic_customer_003,cabinet_003,power_loss,2026-08-28T09:40:00+00:00,2026-08-28T10:20:00+00:00,synthetic_latent_incident,True
synthetic_customer_003,cabinet_003,power_loss,2026-08-29T14:50:00+00:00,2026-08-29T16:10:00+00:00,synthetic_latent_incident,True
synthetic_customer_003,cabinet_003,power_loss,2026-08-31T09:40:00+00:00,2026-08-31T10:40:00+00:00,synthetic_latent_incident,True
synthetic_customer_003,cabinet_003,power_loss,2026-09-02T01:30:00+00:00,2026-09-02T02:30:00+00:00,synthetic_latent_incident,True
synthetic_customer_003,cabinet_003,power_loss,2026-09-03T17:50:00+00:00,2026-09-03T18:50:00+00:00,synthetic_latent_incident,True
synthetic_customer_003,cabinet_003,power_loss,2026-09-04T21:20:00+00:00,2026-09-04T22:30:00+00:00,synthetic_latent_incident,True
synthetic_customer_003,cabinet_003,power_loss,2026-09-06T00:20:00+00:00,2026-09-06T00:50:00+00:00,synthetic_latent_incident,True
synthetic_customer_003,cabinet_003,power_loss,2026-09-06T21:20:00+00:00,2026-09-06T22:40:00+00:00,synthetic_latent_incident,True
synthetic_customer_003,cabinet_003,power_loss,2026-09-08T09:30:00+00:00,2026-09-08T10:40:00+00:00,synthetic_latent_incident,True
synthetic_customer_003,cabinet_003,mqtt_loss,2026-08-10T15:20:00+00:00,2026-08-10T16:20:00+00:00,synthetic_latent_incident,True
synthetic_customer_003,cabinet_003,mqtt_loss,2026-08-12T07:00:00+00:00,2026-08-12T07:30:00+00:00,synthetic_latent_incident,True
synthetic_customer_003,cabinet_003,mqtt_loss,2026-08-13T22:30:00+00:00,2026-08-13T23:00:00+00:00,synthetic_latent_incident,True
synthetic_customer_003,cabinet_003,mqtt_loss,2026-08-15T10:40:00+00:00,2026-08-15T11:40:00+00:00,synthetic_latent_incident,True
synthetic_customer_003,cabinet_003,mqtt_loss,2026-08-16T09:10:00+00:00,2026-08-16T10:20:00+00:00,synthetic_latent_incident,True
synthetic_customer_003,cabinet_003,mqtt_loss,2026-08-17T19:10:00+00:00,2026-08-17T20:30:00+00:00,synthetic_latent_incident,True
synthetic_customer_003,cabinet_003,mqtt_loss,2026-08-19T14:50:00+00:00,2026-08-19T16:00:00+00:00,synthetic_latent_incident,True
synthetic_customer_003,cabinet_003,mqtt_loss,2026-08-20T23:50:00+00:00,2026-08-21T00:20:00+00:00,synthetic_latent_incident,True
synthetic_customer_003,cabinet_003,mqtt_loss,2026-08-22T17:20:00+00:00,2026-08-22T18:10:00+00:00,synthetic_latent_incident,True
synthetic_customer_003,cabinet_003,mqtt_loss,2026-08-24T03:50:00+00:00,2026-08-24T05:10:00+00:00,synthetic_latent_incident,True
synthetic_customer_003,cabinet_003,mqtt_loss,2026-08-25T07:20:00+00:00,2026-08-25T08:00:00+00:00,synthetic_latent_incident,True
synthetic_customer_003,cabinet_003,mqtt_loss,2026-08-27T01:30:00+00:00,2026-08-27T02:50:00+00:00,synthetic_latent_incident,True
synthetic_customer_003,cabinet_003,mqtt_loss,2026-08-28T18:50:00+00:00,2026-08-28T20:10:00+00:00,synthetic_latent_incident,True
synthetic_customer_003,cabinet_003,mqtt_loss,2026-08-30T07:50:00+00:00,2026-08-30T09:10:00+00:00,synthetic_latent_incident,True
synthetic_customer_003,cabinet_003,mqtt_loss,2026-08-31T12:30:00+00:00,2026-08-31T13:40:00+00:00,synthetic_latent_incident,True
synthetic_customer_003,cabinet_003,mqtt_loss,2026-09-01T12:00:00+00:00,2026-09-01T12:30:00+00:00,synthetic_latent_incident,True
synthetic_customer_003,cabinet_003,mqtt_loss,2026-09-02T19:20:00+00:00,2026-09-02T19:50:00+00:00,synthetic_latent_incident,True
synthetic_customer_003,cabinet_003,mqtt_loss,2026-09-04T00:10:00+00:00,2026-09-04T01:00:00+00:00,synthetic_latent_incident,True
synthetic_customer_003,cabinet_003,mqtt_loss,2026-09-05T05:20:00+00:00,2026-09-05T06:40:00+00:00,synthetic_latent_incident,True
synthetic_customer_003,cabinet_003,mqtt_loss,2026-09-06T13:30:00+00:00,2026-09-06T14:30:00+00:00,synthetic_latent_incident,True
synthetic_customer_003,cabinet_003,mqtt_loss,2026-09-08T03:00:00+00:00,2026-09-08T03:30:00+00:00,synthetic_latent_incident,True
