model,status,algorithm,mae,rmse,r2,reason
moisture_forecast,EXPERIMENTAL,HistGradientBoosting,12.665268325899005,12.72300412326436,-225.3950958111806,Measured on historical simulated exports; not field validation and not automatically activated.
temperature_forecast,EXPERIMENTAL,Ridge,0.327123180859694,0.6683498427210729,-0.935187540897652,Measured on historical simulated exports; not field validation and not automatically activated.
ec_forecast,EXPERIMENTAL,ExtraTrees,0.033722717202984,0.04197208842684411,0.06637386465694473,Measured on historical simulated exports; not field validation and not automatically activated.
ph_forecast,EXPERIMENTAL,ExtraTrees,0.10546809127603762,0.11176014142802991,-73.23100152734742,Measured on historical simulated exports; not field validation and not automatically activated.
flow_fault_forecast,BLOCKED,,,,,No independent incident timeline in these three customer snapshots. AI-generated alerts and demo_seed_v10 runs excluded as labels.
leak_forecast,BLOCKED,,,,,No independent incident timeline in these three customer snapshots. AI-generated alerts and demo_seed_v10 runs excluded as labels.
irrigation_failure_forecast,BLOCKED,,,,,No independent incident timeline in these three customer snapshots. AI-generated alerts and demo_seed_v10 runs excluded as labels.
sensor_fault_forecast,BLOCKED,,,,,No independent incident timeline in these three customer snapshots. AI-generated alerts and demo_seed_v10 runs excluded as labels.
power_loss_forecast,BLOCKED,,,,,No independent incident timeline in these three customer snapshots. AI-generated alerts and demo_seed_v10 runs excluded as labels.
mqtt_loss_forecast,BLOCKED,,,,,No independent incident timeline in these three customer snapshots. AI-generated alerts and demo_seed_v10 runs excluded as labels.
