customer_id,farm_id,zone_id,device_id,sensor_id,decision_at,label_end,reading_id,target_reading_id,target,value,prediction,absolute_error,within_tolerance
customer_lan,farm_lan,lan_a,dev_lan_ctrl,s_lan_a_ec,2026-09-07 11:30:00+00:00,2026-09-07 12:00:00+00:00,28297.0,52381.0,1.234,1.277,1.2691608465165374,0.03516084651653739,True
customer_lan,farm_lan,lan_a,dev_lan_ctrl,s_lan_a_ec,2026-09-07 11:40:00+00:00,2026-09-07 12:10:00+00:00,36316.0,60400.0,1.236,1.257,1.2363968179908924,0.0003968179908924174,True
customer_lan,farm_lan,lan_a,dev_lan_ctrl,s_lan_a_ec,2026-09-07 11:50:00+00:00,2026-09-07 12:20:00+00:00,44362.0,68446.0,1.228,1.247,1.2257315886448108,0.0022684113551891816,True
customer_lan,farm_lan,lan_a,dev_lan_ctrl,s_lan_a_ec,2026-09-07 12:00:00+00:00,2026-09-07 12:30:00+00:00,52381.0,76465.0,1.206,1.234,1.2135859977739274,0.007585997773927433,True
customer_lan,farm_lan,lan_a,dev_lan_ctrl,s_lan_a_ec,2026-09-07 12:10:00+00:00,2026-09-07 12:40:00+00:00,60400.0,84484.0,1.226,1.236,1.213076279949884,0.012923720050115994,True
customer_lan,farm_lan,lan_a,dev_lan_ctrl,s_lan_a_ec,2026-09-07 12:20:00+00:00,2026-09-07 12:50:00+00:00,68446.0,92530.0,1.2,1.228,1.2049832982952637,0.004983298295263783,True
customer_lan,farm_lan,lan_a,dev_lan_ctrl,s_lan_a_ec,2026-09-07 12:30:00+00:00,2026-09-07 13:00:00+00:00,76465.0,100549.0,1.197,1.206,1.206451166267953,0.009451166267952837,True
customer_lan,farm_lan,lan_a,dev_lan_ctrl,s_lan_a_ec,2026-09-07 12:40:00+00:00,2026-09-07 13:10:00+00:00,84484.0,108568.0,1.189,1.226,1.2252411083902301,0.03624110839023009,True
customer_lan,farm_lan,lan_a,dev_lan_ctrl,s_lan_a_ec,2026-09-07 12:50:00+00:00,2026-09-07 13:20:00+00:00,92530.0,116614.0,1.197,1.2,1.2020697506544165,0.005069750654416394,True
customer_lan,farm_lan,lan_a,dev_lan_ctrl,s_lan_a_ec,2026-09-07 13:00:00+00:00,2026-09-07 13:30:00+00:00,100549.0,124633.0,1.185,1.197,1.196618215291691,0.011618215291691047,True
customer_lan,farm_lan,lan_a,dev_lan_ctrl,s_lan_a_ec,2026-09-07 13:10:00+00:00,2026-09-07 13:40:00+00:00,108568.0,132652.0,1.201,1.189,1.191201333366783,0.009798666633217046,True
customer_lan,farm_lan,lan_a,dev_lan_ctrl,s_lan_a_ec,2026-09-07 13:20:00+00:00,2026-09-07 13:50:00+00:00,116614.0,140698.0,1.206,1.197,1.1962034450806556,0.009796554919344391,True
customer_lan,farm_lan,lan_a,dev_lan_ctrl,s_lan_a_ec,2026-09-07 13:30:00+00:00,2026-09-07 14:00:00+00:00,124633.0,148690.0,1.185,1.185,1.1863390512363574,0.0013390512363573581,True
customer_lan,farm_lan,lan_a,dev_lan_ctrl,s_lan_a_ec,2026-09-07 13:40:00+00:00,2026-09-07 14:10:00+00:00,132652.0,156709.0,1.164,1.201,1.1987429178956894,0.03474291789568951,True
customer_lan,farm_lan,lan_a,dev_lan_ctrl,s_lan_a_ec,2026-09-07 13:50:00+00:00,2026-09-07 14:20:00+00:00,140698.0,164728.0,1.176,1.206,1.206170882834484,0.030170882834483992,True
customer_lan,farm_lan,lan_a,dev_lan_ctrl,s_lan_a_ec,2026-09-07 14:00:00+00:00,2026-09-07 14:30:00+00:00,148690.0,172774.0,1.193,1.185,1.1858473659073057,0.007152634092694399,True
customer_lan,farm_lan,lan_a,dev_lan_ctrl,s_lan_a_ec,2026-09-07 14:10:00+00:00,2026-09-07 14:40:00+00:00,156709.0,180793.0,1.234,1.164,1.167600866524152,0.06639913347584803,True
customer_lan,farm_lan,lan_a,dev_lan_ctrl,s_lan_a_ec,2026-09-07 14:20:00+00:00,2026-09-07 14:50:00+00:00,164728.0,188785.0,1.23,1.176,1.1781001308424353,0.051899869157564726,True
customer_lan,farm_lan,lan_a,dev_lan_ctrl,s_lan_a_ec,2026-09-07 14:30:00+00:00,2026-09-07 15:00:00+00:00,172774.0,196831.0,1.247,1.193,1.1930172080561632,0.05398279194383693,True
customer_lan,farm_lan,lan_a,dev_lan_ctrl,s_lan_a_ec,2026-09-07 14:40:00+00:00,2026-09-07 15:10:00+00:00,180793.0,204850.0,1.247,1.234,1.228482114737565,0.01851788526243503,True
customer_lan,farm_lan,lan_a,dev_lan_ctrl,s_lan_a_ec,2026-09-07 14:50:00+00:00,2026-09-07 15:20:00+00:00,188785.0,212896.0,1.249,1.23,1.2271109916383678,0.021889008361632323,True
customer_lan,farm_lan,lan_a,dev_lan_ctrl,s_lan_a_ec,2026-09-07 15:00:00+00:00,2026-09-07 15:30:00+00:00,196831.0,220915.0,1.252,1.247,1.2449083794800748,0.007091620519925179,True
customer_lan,farm_lan,lan_a,dev_lan_ctrl,s_lan_a_ec,2026-09-07 15:10:00+00:00,2026-09-07 15:40:00+00:00,204850.0,228934.0,1.302,1.247,1.2505709413201878,0.05142905867981229,True
customer_lan,farm_lan,lan_a,dev_lan_ctrl,s_lan_a_ec,2026-09-07 15:20:00+00:00,2026-09-07 15:50:00+00:00,212896.0,236953.0,1.288,1.249,1.2512918258365497,0.03670817416345029,True
customer_lan,farm_lan,lan_a,dev_lan_ctrl,s_lan_a_ec,2026-09-07 15:30:00+00:00,2026-09-07 16:00:00+00:00,220915.0,244972.0,1.298,1.252,1.2549104302395837,0.043089569760416335,True
customer_lan,farm_lan,lan_a,dev_lan_ctrl,s_lan_a_ec,2026-09-07 15:40:00+00:00,2026-09-07 16:10:00+00:00,228934.0,252991.0,1.289,1.302,1.2989780588768514,0.009978058876851437,True
customer_lan,farm_lan,lan_a,dev_lan_ctrl,s_lan_a_ec,2026-09-07 15:50:00+00:00,2026-09-07 16:20:00+00:00,236953.0,260983.0,1.291,1.288,1.288419495247647,0.00258050475235283,True
customer_lan,farm_lan,lan_a,dev_lan_ctrl,s_lan_a_ec,2026-09-07 16:00:00+00:00,2026-09-07 16:30:00+00:00,244972.0,269002.0,1.31,1.298,1.2960466721482342,0.01395332785176584,True
customer_lan,farm_lan,lan_a,dev_lan_ctrl,s_lan_a_ec,2026-09-07 16:10:00+00:00,2026-09-07 16:40:00+00:00,252991.0,277021.0,1.322,1.289,1.2930946707208035,0.028905329279196534,True
customer_lan,farm_lan,lan_a,dev_lan_ctrl,s_lan_a_ec,2026-09-07 16:30:00+00:00,2026-09-07 17:00:00+00:00,269002.0,287038.0,1.321,1.31,1.3114731433940392,0.009526856605960754,True
customer_lan,farm_lan,lan_a,dev_lan_ctrl,s_lan_a_ec,2026-09-07 16:40:00+00:00,2026-09-07 17:10:00+00:00,277021.0,295057.0,1.316,1.322,1.3198872904600787,0.0038872904600786296,True
customer_lan,farm_lan,lan_a,dev_lan_ctrl,s_lan_a_ec,2026-09-07 16:50:00+00:00,2026-09-07 17:20:00+00:00,282259.0,303076.0,1.335,1.321,1.3158236561875507,0.01917634381244926,True
customer_lan,farm_lan,lan_a,dev_lan_ctrl,s_lan_a_ec,2026-09-07 17:00:00+00:00,2026-09-07 17:30:00+00:00,287038.0,311095.0,1.3,1.321,1.3213215027784946,0.02132150277849454,True
customer_lan,farm_lan,lan_a,dev_lan_ctrl,s_lan_a_ec,2026-09-07 17:10:00+00:00,2026-09-07 17:40:00+00:00,295057.0,319087.0,1.322,1.316,1.3183205185765399,0.003679481423460196,True
customer_lan,farm_lan,lan_a,dev_lan_ctrl,s_lan_a_ec,2026-09-07 17:20:00+00:00,2026-09-07 17:50:00+00:00,303076.0,327133.0,1.287,1.335,1.335415057798592,0.04841505779859201,True
customer_lan,farm_lan,lan_a,dev_lan_ctrl,s_lan_a_ec,2026-09-07 17:30:00+00:00,2026-09-07 18:00:00+00:00,311095.0,335152.0,1.257,1.3,1.3030695626700122,0.046069562670012276,True
customer_lan,farm_lan,lan_a,dev_lan_ctrl,s_lan_a_ec,2026-09-07 17:40:00+00:00,2026-09-07 18:10:00+00:00,319087.0,343171.0,1.242,1.322,1.3206764565885725,0.07867645658857247,True
customer_lan,farm_lan,lan_a,dev_lan_ctrl,s_lan_a_ec,2026-09-07 17:50:00+00:00,2026-09-07 18:20:00+00:00,327133.0,351217.0,1.248,1.287,1.2915868071109715,0.043586807110971515,True
customer_lan,farm_lan,lan_a,dev_lan_ctrl,s_lan_a_ec,2026-09-07 18:00:00+00:00,2026-09-07 18:30:00+00:00,335152.0,359236.0,1.246,1.257,1.2590248127930657,0.013024812793065665,True
customer_lan,farm_lan,lan_a,dev_lan_ctrl,s_lan_a_ec,2026-09-07 18:10:00+00:00,2026-09-07 18:40:00+00:00,343171.0,367255.0,1.232,1.242,1.2467363944076475,0.014736394407647513,True
customer_lan,farm_lan,lan_a,dev_lan_ctrl,s_lan_a_ec,2026-09-07 18:20:00+00:00,2026-09-07 18:50:00+00:00,351217.0,375274.0,1.222,1.248,1.2476770304138587,0.025677030413858715,True
customer_lan,farm_lan,lan_a,dev_lan_ctrl,s_lan_a_ec,2026-09-07 18:30:00+00:00,2026-09-07 19:00:00+00:00,359236.0,383293.0,1.21,1.246,1.245047656982475,0.03504765698247514,True
customer_lan,farm_lan,lan_a,dev_lan_ctrl,s_lan_a_ec,2026-09-07 18:40:00+00:00,2026-09-07 19:10:00+00:00,367255.0,391312.0,1.187,1.232,1.2294976847242218,0.042497684724221774,True
customer_lan,farm_lan,lan_a,dev_lan_ctrl,s_lan_a_ec,2026-09-07 18:50:00+00:00,2026-09-07 19:20:00+00:00,375274.0,399331.0,1.173,1.222,1.2220823577723634,0.04908235777236336,True
customer_lan,farm_lan,lan_a,dev_lan_ctrl,s_lan_a_ec,2026-09-07 19:00:00+00:00,2026-09-07 19:30:00+00:00,383293.0,407350.0,1.188,1.21,1.2120824663091816,0.02408246630918165,True
customer_lan,farm_lan,lan_a,dev_lan_ctrl,s_lan_a_ec,2026-09-07 19:10:00+00:00,2026-09-07 19:40:00+00:00,391312.0,415369.0,1.195,1.187,1.1899529758844245,0.00504702411557556,True
customer_lan,farm_lan,lan_a,dev_lan_ctrl,s_lan_a_ec,2026-09-07 19:20:00+00:00,2026-09-07 19:50:00+00:00,399331.0,423388.0,1.196,1.173,1.175035626118251,0.020964373881748877,True
customer_lan,farm_lan,lan_a,dev_lan_ctrl,s_lan_a_ec,2026-09-07 19:30:00+00:00,2026-09-07 20:00:00+00:00,407350.0,431407.0,1.172,1.188,1.1874525537012786,0.015452553701278626,True
customer_lan,farm_lan,lan_a,dev_lan_ctrl,s_lan_a_ec,2026-09-07 19:40:00+00:00,2026-09-07 20:10:00+00:00,415369.0,439372.0,1.162,1.195,1.1931008135540544,0.031100813554054474,True
customer_lan,farm_lan,lan_a,dev_lan_ctrl,s_lan_a_ec,2026-09-07 19:50:00+00:00,2026-09-07 20:20:00+00:00,423388.0,447310.0,1.156,1.196,1.1933042236408757,0.03730422364087582,True
customer_lan,farm_lan,lan_a,dev_lan_ctrl,s_lan_a_ec,2026-09-07 20:00:00+00:00,2026-09-07 20:30:00+00:00,431407.0,455221.0,1.124,1.172,1.1732330171660994,0.04923301716609929,True
customer_lan,farm_lan,lan_a,dev_lan_ctrl,s_lan_a_ec,2026-09-07 21:30:00+00:00,2026-09-07 22:00:00+00:00,461131.0,485188.0,1.409,1.327,1.3643398375182014,0.044660162481798604,True
customer_lan,farm_lan,lan_a,dev_lan_ctrl,s_lan_a_ec,2026-09-07 21:40:00+00:00,2026-09-07 22:10:00+00:00,469150.0,493180.0,1.386,1.346,1.3717536716286942,0.014246328371305683,True
customer_lan,farm_lan,lan_a,dev_lan_ctrl,s_lan_a_ec,2026-09-07 21:50:00+00:00,2026-09-07 22:20:00+00:00,477169.0,501199.0,1.366,1.379,1.3744276275870935,0.008427627587093367,True
customer_lan,farm_lan,lan_a,dev_lan_ctrl,s_lan_a_ec,2026-09-07 22:00:00+00:00,2026-09-07 22:30:00+00:00,485188.0,509218.0,1.392,1.409,1.3958435071864634,0.003843507186463535,True
customer_lan,farm_lan,lan_a,dev_lan_ctrl,s_lan_a_ec,2026-09-07 22:10:00+00:00,2026-09-07 22:40:00+00:00,493180.0,517237.0,1.391,1.386,1.3732990484191776,0.01770095158082241,True
customer_lan,farm_lan,lan_a,dev_lan_ctrl,s_lan_a_ec,2026-09-07 22:20:00+00:00,2026-09-07 22:50:00+00:00,501199.0,525256.0,1.407,1.366,1.352852581205107,0.05414741879489293,True
customer_lan,farm_lan,lan_a,dev_lan_ctrl,s_lan_a_ec,2026-09-07 22:30:00+00:00,2026-09-07 23:00:00+00:00,509218.0,533248.0,1.442,1.392,1.3958905057824924,0.04610949421750754,True
customer_lan,farm_lan,lan_a,dev_lan_ctrl,s_lan_a_ec,2026-09-07 22:40:00+00:00,2026-09-07 23:10:00+00:00,517237.0,541267.0,1.454,1.391,1.393028224958468,0.06097177504153195,True
customer_lan,farm_lan,lan_a,dev_lan_ctrl,s_lan_a_ec,2026-09-07 22:50:00+00:00,2026-09-07 23:20:00+00:00,525256.0,549286.0,1.471,1.407,1.403909995228044,0.06709000477195604,True
customer_lan,farm_lan,lan_a,dev_lan_ctrl,s_lan_a_ec,2026-09-07 23:00:00+00:00,2026-09-07 23:30:00+00:00,533248.0,557332.0,1.476,1.442,1.4377240412334829,0.038275958766517126,True
customer_lan,farm_lan,lan_a,dev_lan_ctrl,s_lan_a_ec,2026-09-07 23:10:00+00:00,2026-09-07 23:40:00+00:00,541267.0,565351.0,1.439,1.454,1.451042033028046,0.012042033028045962,True
customer_lan,farm_lan,lan_a,dev_lan_ctrl,s_lan_a_ec,2026-09-07 23:20:00+00:00,2026-09-07 23:50:00+00:00,549286.0,573397.0,1.433,1.471,1.4693263511367605,0.036326351136760415,True
customer_lan,farm_lan,lan_a,dev_lan_ctrl,s_lan_a_ec,2026-09-07 23:30:00+00:00,2026-09-08 00:00:00+00:00,557332.0,581416.0,1.435,1.476,1.4765712642096132,0.0415712642096131,True
customer_lan,farm_lan,lan_a,dev_lan_ctrl,s_lan_a_ec,2026-09-07 23:40:00+00:00,2026-09-08 00:10:00+00:00,565351.0,589435.0,1.431,1.439,1.4437441782745217,0.012744178274521678,True
customer_lan,farm_lan,lan_a,dev_lan_ctrl,s_lan_a_ec,2026-09-07 23:50:00+00:00,2026-09-08 00:20:00+00:00,573397.0,597454.0,1.469,1.433,1.4375932751742888,0.031406724825711274,True
customer_lan,farm_lan,lan_a,dev_lan_ctrl,s_lan_a_ec,2026-09-08 00:00:00+00:00,2026-09-08 00:30:00+00:00,581416.0,605473.0,1.488,1.435,1.4382825375615833,0.04971746243841668,True
customer_lan,farm_lan,lan_a,dev_lan_ctrl,s_lan_a_ec,2026-09-08 00:10:00+00:00,2026-09-08 00:40:00+00:00,589435.0,613492.0,1.467,1.431,1.4305802009570272,0.03641979904297288,True
customer_lan,farm_lan,lan_a,dev_lan_ctrl,s_lan_a_ec,2026-09-08 00:20:00+00:00,2026-09-08 00:50:00+00:00,597454.0,621511.0,1.461,1.469,1.4639640872283528,0.0029640872283527298,True
customer_lan,farm_lan,lan_a,dev_lan_ctrl,s_lan_a_ec,2026-09-08 00:30:00+00:00,2026-09-08 01:00:00+00:00,605473.0,629557.0,1.459,1.488,1.482923976994739,0.023923976994739027,True
customer_lan,farm_lan,lan_a,dev_lan_ctrl,s_lan_a_ec,2026-09-08 00:40:00+00:00,2026-09-08 01:10:00+00:00,613492.0,637576.0,1.456,1.467,1.4654162080425526,0.00941620804255261,True
customer_lan,farm_lan,lan_a,dev_lan_ctrl,s_lan_a_ec,2026-09-08 08:10:00+00:00,2026-09-08 08:40:00+00:00,638440.0,646729.0,1.385,1.401,1.4093176268880003,0.02431762688800032,True
customer_lan,farm_lan,lan_a,dev_lan_ctrl,s_lan_a_ec,2026-09-08 08:30:00+00:00,2026-09-08 09:00:00+00:00,638710.0,662767.0,1.362,1.392,1.3999094084338652,0.037909408433865144,True
customer_lan,farm_lan,lan_a,dev_lan_ctrl,s_lan_a_ec,2026-09-08 08:40:00+00:00,2026-09-08 09:10:00+00:00,646729.0,670786.0,1.34,1.385,1.3850171624729366,0.04501716247293652,True
customer_lan,farm_lan,lan_a,dev_lan_ctrl,s_lan_a_ec,2026-09-08 08:50:00+00:00,2026-09-08 09:20:00+00:00,654748.0,678799.0,1.349,1.357,1.3496926876664126,0.0006926876664126169,True
customer_lan,farm_lan,lan_a,dev_lan_ctrl,s_lan_a_ec,2026-09-08 09:00:00+00:00,2026-09-08 09:30:00+00:00,662767.0,686818.0,1.319,1.362,1.3535454354528846,0.03454543545288469,True
customer_lan,farm_lan,lan_a,dev_lan_ctrl,s_lan_a_ec,2026-09-08 09:10:00+00:00,2026-09-08 09:40:00+00:00,670786.0,694837.0,1.318,1.34,1.3462135719332844,0.02821357193328433,True
customer_lan,farm_lan,lan_a,dev_lan_ctrl,s_lan_a_ec,2026-09-08 09:20:00+00:00,2026-09-08 09:50:00+00:00,678799.0,702856.0,1.339,1.349,1.3337654734571012,0.005234526542898799,True
customer_lan,farm_lan,lan_a,dev_lan_ctrl,s_lan_a_ec,2026-09-08 09:30:00+00:00,2026-09-08 10:00:00+00:00,686818.0,710875.0,1.344,1.319,1.3207722457615656,0.023227754238434484,True
customer_lan,farm_lan,lan_a,dev_lan_ctrl,s_lan_a_ec,2026-09-08 09:40:00+00:00,2026-09-08 10:10:00+00:00,694837.0,718894.0,1.332,1.318,1.3168260234587579,0.015173976541242196,True
customer_lan,farm_lan,lan_a,dev_lan_ctrl,s_lan_a_ec,2026-09-08 09:50:00+00:00,2026-09-08 10:20:00+00:00,702856.0,726913.0,1.329,1.339,1.338650069169583,0.009650069169583109,True
customer_lan,farm_lan,lan_a,dev_lan_ctrl,s_lan_a_ec,2026-09-08 10:00:00+00:00,2026-09-08 10:30:00+00:00,710875.0,734959.0,1.377,1.344,1.3409413040479925,0.0360586959520075,True
customer_lan,farm_lan,lan_a,dev_lan_ctrl,s_lan_a_ec,2026-09-08 14:00:00+00:00,2026-09-08 14:30:00+00:00,739138.0,763222.0,1.408,1.317,1.331912526601952,0.07608747339804789,True
customer_lan,farm_lan,lan_a,dev_lan_ctrl,s_lan_a_ec,2026-09-08 14:10:00+00:00,2026-09-08 14:40:00+00:00,747157.0,771241.0,1.367,1.343,1.3419757672371238,0.025024232762876242,True
customer_lan,farm_lan,lan_a,dev_lan_ctrl,s_lan_a_ec,2026-09-08 14:20:00+00:00,2026-09-08 14:50:00+00:00,755203.0,779287.0,1.362,1.372,1.3675591473605502,0.005559147360550076,True
customer_lan,farm_lan,lan_a,dev_lan_ctrl,s_lan_a_ec,2026-09-08 14:30:00+00:00,2026-09-08 15:00:00+00:00,763222.0,787306.0,1.383,1.408,1.3937132796240632,0.01071327962406321,True
customer_lan,farm_lan,lan_a,dev_lan_ctrl,s_lan_a_ec,2026-09-08 14:40:00+00:00,2026-09-08 15:10:00+00:00,771241.0,795325.0,1.395,1.367,1.3555567811731273,0.03944321882687274,True
customer_lan,farm_lan,lan_a,dev_lan_ctrl,s_lan_a_ec,2026-09-08 14:50:00+00:00,2026-09-08 15:20:00+00:00,779287.0,803371.0,1.402,1.362,1.3477753247177562,0.05422467528224373,True
customer_lan,farm_lan,lan_a,dev_lan_ctrl,s_lan_a_ec,2026-09-08 15:00:00+00:00,2026-09-08 15:30:00+00:00,787306.0,811390.0,1.431,1.383,1.3880226795772794,0.04297732042272062,True
customer_lan,farm_lan,lan_a,dev_lan_ctrl,s_lan_a_ec,2026-09-08 15:10:00+00:00,2026-09-08 15:40:00+00:00,795325.0,819409.0,1.466,1.395,1.3946902825498266,0.07130971745017334,True
customer_lan,farm_lan,lan_a,dev_lan_ctrl,s_lan_a_ec,2026-09-08 15:20:00+00:00,2026-09-08 15:50:00+00:00,803371.0,827455.0,1.474,1.402,1.3995087569951634,0.07449124300483656,True
customer_lan,farm_lan,lan_a,dev_lan_ctrl,s_lan_a_ec,2026-09-08 15:30:00+00:00,2026-09-08 16:00:00+00:00,811390.0,835474.0,1.475,1.431,1.4265686125499086,0.048431387450091457,True
customer_lan,farm_lan,lan_a,dev_lan_ctrl,s_lan_a_ec,2026-09-08 15:40:00+00:00,2026-09-08 16:10:00+00:00,819409.0,843493.0,1.427,1.466,1.463000655881691,0.03600065588169099,True
customer_lan,farm_lan,lan_a,dev_lan_ctrl,s_lan_a_ec,2026-09-08 15:50:00+00:00,2026-09-08 16:20:00+00:00,827455.0,851512.0,1.426,1.474,1.472404951878512,0.046404951878512124,True
customer_lan,farm_lan,lan_a,dev_lan_ctrl,s_lan_a_ec,2026-09-08 16:00:00+00:00,2026-09-08 16:30:00+00:00,835474.0,859531.0,1.413,1.475,1.475043023325291,0.06204302332529088,True
customer_lan,farm_lan,lan_a,dev_lan_ctrl,s_lan_a_ec,2026-09-08 16:10:00+00:00,2026-09-08 16:40:00+00:00,843493.0,867469.0,1.439,1.427,1.4336059571484032,0.005394042851596836,True
customer_lan,farm_lan,lan_a,dev_lan_ctrl,s_lan_a_ec,2026-09-08 16:20:00+00:00,2026-09-08 16:50:00+00:00,851512.0,875407.0,1.456,1.426,1.4312055587977903,0.02479444120220964,True
customer_lan,farm_lan,lan_a,dev_lan_ctrl,s_lan_a_ec,2026-09-08 16:30:00+00:00,2026-09-08 17:00:00+00:00,859531.0,883372.0,1.471,1.413,1.41833665932125,0.052663340678750004,True
customer_lan,farm_lan,lan_a,dev_lan_ctrl,s_lan_a_ec,2026-09-08 16:40:00+00:00,2026-09-08 17:10:00+00:00,867469.0,891391.0,1.442,1.439,1.4354099450682785,0.00659005493172149,True
customer_lan,farm_lan,lan_a,dev_lan_ctrl,s_lan_a_ec,2026-09-08 16:50:00+00:00,2026-09-08 17:20:00+00:00,875407.0,899410.0,1.453,1.456,1.4517104683619968,0.0012895316380032718,True
customer_lan,farm_lan,lan_a,dev_lan_ctrl,s_lan_a_ec,2026-09-08 17:00:00+00:00,2026-09-08 17:30:00+00:00,883372.0,907429.0,1.458,1.471,1.4646331388507896,0.006633138850789644,True
customer_lan,farm_lan,lan_a,dev_lan_ctrl,s_lan_a_ec,2026-09-08 17:10:00+00:00,2026-09-08 17:40:00+00:00,891391.0,915421.0,1.437,1.442,1.4432356372791781,0.006235637279178086,True
customer_lan,farm_lan,lan_a,dev_lan_ctrl,s_lan_a_ec,2026-09-08 17:20:00+00:00,2026-09-08 17:50:00+00:00,899410.0,923467.0,1.45,1.453,1.4537687446757233,0.003768744675723301,True
customer_lan,farm_lan,lan_a,dev_lan_ctrl,s_lan_a_ec,2026-09-08 17:30:00+00:00,2026-09-08 18:00:00+00:00,907429.0,931459.0,1.453,1.458,1.4611714785265144,0.008171478526514342,True
customer_lan,farm_lan,lan_a,dev_lan_ctrl,s_lan_a_ec,2026-09-08 17:40:00+00:00,2026-09-08 18:10:00+00:00,915421.0,939478.0,1.454,1.437,1.4378346967671147,0.01616530323288523,True
customer_lan,farm_lan,lan_a,dev_lan_ctrl,s_lan_a_ec,2026-09-08 17:50:00+00:00,2026-09-08 18:20:00+00:00,923467.0,947524.0,1.446,1.45,1.4491796041100917,0.0031796041100917716,True
customer_lan,farm_lan,lan_a,dev_lan_ctrl,s_lan_a_ec,2026-09-08 18:00:00+00:00,2026-09-08 18:30:00+00:00,931459.0,955543.0,1.427,1.453,1.4523509739604397,0.025350973960439616,True
customer_lan,farm_lan,lan_a,dev_lan_ctrl,s_lan_a_ec,2026-09-08 18:10:00+00:00,2026-09-08 18:40:00+00:00,939478.0,963562.0,1.395,1.454,1.4526809433126429,0.05768094331264284,True
customer_lan,farm_lan,lan_a,dev_lan_ctrl,s_lan_a_ec,2026-09-08 18:20:00+00:00,2026-09-08 18:50:00+00:00,947524.0,971527.0,1.38,1.446,1.446058823788752,0.06605882378875205,True
customer_lan,farm_lan,lan_a,dev_lan_ctrl,s_lan_a_ec,2026-09-08 18:30:00+00:00,2026-09-08 19:00:00+00:00,955543.0,979465.0,1.392,1.427,1.4282773145430203,0.03627731454302041,True
customer_lan,farm_lan,lan_a,dev_lan_ctrl,s_lan_a_ec,2026-09-08 18:40:00+00:00,2026-09-08 19:10:00+00:00,963562.0,987430.0,1.397,1.395,1.3993101507658205,0.002310150765820529,True
customer_lan,farm_lan,lan_a,dev_lan_ctrl,s_lan_a_ec,2026-09-08 18:50:00+00:00,2026-09-08 19:20:00+00:00,971527.0,995449.0,1.406,1.38,1.3830571841685457,0.02294281583145419,True
customer_lan,farm_lan,lan_a,dev_lan_ctrl,s_lan_a_ec,2026-09-08 19:00:00+00:00,2026-09-08 19:30:00+00:00,979465.0,1003468.0,1.374,1.392,1.3918484439213457,0.017848443921345547,True
customer_lan,farm_lan,lan_a,dev_lan_ctrl,s_lan_a_ec,2026-09-08 19:10:00+00:00,2026-09-08 19:40:00+00:00,987430.0,1011487.0,1.36,1.397,1.3939184107723241,0.03391841077232405,True
customer_lan,farm_lan,lan_a,dev_lan_ctrl,s_lan_a_ec,2026-09-08 19:20:00+00:00,2026-09-08 19:50:00+00:00,995449.0,1019506.0,1.353,1.406,1.4012388210755569,0.04823882107555688,True
customer_lan,farm_lan,lan_a,dev_lan_ctrl,s_lan_a_ec,2026-09-08 19:30:00+00:00,2026-09-08 20:00:00+00:00,1003468.0,1027525.0,1.328,1.374,1.3741991383493326,0.046199138349332536,True
customer_lan,farm_lan,lan_a,dev_lan_ctrl,s_lan_a_ec,2026-09-08 19:40:00+00:00,2026-09-08 20:10:00+00:00,1011487.0,1035517.0,1.369,1.36,1.3620507381082918,0.006949261891708192,True
customer_lan,farm_lan,lan_a,dev_lan_ctrl,s_lan_a_ec,2026-09-08 19:50:00+00:00,2026-09-08 20:20:00+00:00,1019506.0,1043536.0,1.358,1.353,1.3569821007180989,0.0010178992819012134,True
customer_lan,farm_lan,lan_a,dev_lan_ctrl,s_lan_a_ec,2026-09-08 20:00:00+00:00,2026-09-08 20:30:00+00:00,1027525.0,1051555.0,1.362,1.328,1.3301745962004465,0.031825403799553564,True
customer_lan,farm_lan,lan_a,dev_lan_ctrl,s_lan_a_ec,2026-09-08 20:10:00+00:00,2026-09-08 20:40:00+00:00,1035517.0,1059574.0,1.359,1.369,1.365359584039364,0.006359584039363986,True
customer_lan,farm_lan,lan_a,dev_lan_ctrl,s_lan_a_ec,2026-09-08 20:20:00+00:00,2026-09-08 20:50:00+00:00,1043536.0,1067620.0,1.314,1.358,1.3559680338494708,0.04196803384947079,True
customer_lan,farm_lan,lan_a,dev_lan_ctrl,s_lan_a_ec,2026-09-08 20:30:00+00:00,2026-09-08 21:00:00+00:00,1051555.0,1075639.0,1.295,1.362,1.3580114162126922,0.06301141621269224,True
customer_lan,farm_lan,lan_a,dev_lan_ctrl,s_lan_a_ec,2026-09-08 20:40:00+00:00,2026-09-08 21:10:00+00:00,1059574.0,1083658.0,1.324,1.359,1.3601397923889018,0.03613979238890175,True
customer_lan,farm_lan,lan_a,dev_lan_ctrl,s_lan_a_ec,2026-09-08 20:50:00+00:00,2026-09-08 21:20:00+00:00,1067620.0,1091677.0,1.336,1.314,1.3178940370894392,0.01810596291056088,True
customer_lan,farm_lan,lan_a,dev_lan_ctrl,s_lan_a_ec,2026-09-08 21:00:00+00:00,2026-09-08 21:30:00+00:00,1075639.0,1099696.0,1.338,1.295,1.300289045158479,0.037710954841521094,True
customer_lan,farm_lan,lan_a,dev_lan_ctrl,s_lan_a_ec,2026-09-08 21:10:00+00:00,2026-09-08 21:40:00+00:00,1083658.0,1107715.0,1.345,1.324,1.324346053403174,0.020653946596826067,True
customer_lan,farm_lan,lan_a,dev_lan_ctrl,s_lan_a_ec,2026-09-08 21:20:00+00:00,2026-09-08 21:50:00+00:00,1091677.0,1115707.0,1.354,1.336,1.332931253794756,0.021068746205244127,True
customer_lan,farm_lan,lan_a,dev_lan_ctrl,s_lan_a_ec,2026-09-08 21:30:00+00:00,2026-09-08 22:00:00+00:00,1099696.0,1123726.0,1.365,1.338,1.332946844131891,0.03205315586810897,True
customer_lan,farm_lan,lan_a,dev_lan_ctrl,s_lan_a_ec,2026-09-08 21:40:00+00:00,2026-09-08 22:10:00+00:00,1107715.0,1131745.0,1.373,1.345,1.342283564199942,0.030716435800058006,True
customer_lan,farm_lan,lan_a,dev_lan_ctrl,s_lan_a_ec,2026-09-08 21:50:00+00:00,2026-09-08 22:20:00+00:00,1115707.0,1139791.0,1.36,1.354,1.354164540121882,0.0058354598781180655,True
customer_lan,farm_lan,lan_a,dev_lan_ctrl,s_lan_a_ec,2026-09-08 22:00:00+00:00,2026-09-08 22:30:00+00:00,1123726.0,1147810.0,1.369,1.365,1.3657094444867472,0.0032905555132527464,True
customer_lan,farm_lan,lan_a,dev_lan_ctrl,s_lan_a_ec,2026-09-08 22:10:00+00:00,2026-09-08 22:40:00+00:00,1131745.0,1155856.0,1.385,1.373,1.3726461297645867,0.012353870235413345,True
customer_lan,farm_lan,lan_a,dev_lan_ctrl,s_lan_a_ec,2026-09-08 22:20:00+00:00,2026-09-08 22:50:00+00:00,1139791.0,1163875.0,1.359,1.36,1.3611876269405883,0.002187626940588272,True
customer_lan,farm_lan,lan_a,dev_lan_ctrl,s_lan_a_ec,2026-09-08 22:30:00+00:00,2026-09-08 23:00:00+00:00,1147810.0,1171894.0,1.355,1.369,1.369823724753855,0.014823724753854961,True
customer_lan,farm_lan,lan_a,dev_lan_ctrl,s_lan_a_ec,2026-09-08 22:40:00+00:00,2026-09-08 23:10:00+00:00,1155856.0,1179940.0,1.34,1.385,1.3854684491198168,0.045468449119816734,True
customer_lan,farm_lan,lan_a,dev_lan_ctrl,s_lan_a_ec,2026-09-08 22:50:00+00:00,2026-09-08 23:20:00+00:00,1163875.0,1187959.0,1.359,1.359,1.360375373825575,0.0013753738255750658,True
customer_lan,farm_lan,lan_a,dev_lan_ctrl,s_lan_a_ec,2026-09-08 23:00:00+00:00,2026-09-08 23:30:00+00:00,1171894.0,1195978.0,1.348,1.355,1.3558288534540646,0.007828853454064477,True
customer_lan,farm_lan,lan_a,dev_lan_ctrl,s_lan_a_ec,2026-09-09 04:30:00+00:00,2026-09-09 05:00:00+00:00,1202107.0,1226191.0,1.349,1.336,1.3501949175791823,0.0011949175791823308,True
customer_lan,farm_lan,lan_a,dev_lan_ctrl,s_lan_a_ec,2026-09-09 04:40:00+00:00,2026-09-09 05:10:00+00:00,1210126.0,1234210.0,1.341,1.324,1.3240716408958453,0.01692835910415469,True
customer_lan,farm_lan,lan_a,dev_lan_ctrl,s_lan_a_ec,2026-09-09 04:50:00+00:00,2026-09-09 05:20:00+00:00,1218172.0,1242229.0,1.298,1.349,1.3440583845313019,0.046058384531301844,True
customer_lan,farm_lan,lan_a,dev_lan_ctrl,s_lan_a_ec,2026-09-09 05:00:00+00:00,2026-09-09 05:30:00+00:00,1226191.0,1250248.0,1.306,1.349,1.3405414802391993,0.03454148023919923,True
customer_lan,farm_lan,lan_a,dev_lan_ctrl,s_lan_a_ec,2026-09-09 05:10:00+00:00,2026-09-09 05:40:00+00:00,1234210.0,1258267.0,1.296,1.341,1.3277491148170513,0.03174911481705123,True
customer_lan,farm_lan,lan_a,dev_lan_ctrl,s_lan_a_ec,2026-09-09 05:20:00+00:00,2026-09-09 05:50:00+00:00,1242229.0,1266313.0,1.284,1.298,1.2862399574313532,0.00223995743135319,True
customer_lan,farm_lan,lan_a,dev_lan_ctrl,s_lan_a_ec,2026-09-09 05:30:00+00:00,2026-09-09 06:00:00+00:00,1250248.0,1274332.0,1.267,1.306,1.3083278153453426,0.04132781534534269,True
customer_lan,farm_lan,lan_a,dev_lan_ctrl,s_lan_a_ec,2026-09-09 05:40:00+00:00,2026-09-09 06:10:00+00:00,1258267.0,1282378.0,1.232,1.296,1.29965982626498,0.0676598262649799,True
customer_lan,farm_lan,lan_a,dev_lan_ctrl,s_lan_a_ec,2026-09-09 05:50:00+00:00,2026-09-09 06:20:00+00:00,1266313.0,1290397.0,1.244,1.284,1.2828059309005317,0.03880593090053175,True
customer_lan,farm_lan,lan_a,dev_lan_ctrl,s_lan_a_ec,2026-09-09 06:00:00+00:00,2026-09-09 06:30:00+00:00,1274332.0,1298416.0,1.232,1.267,1.267542888852032,0.03554288885203194,True
customer_lan,farm_lan,lan_a,dev_lan_ctrl,s_lan_a_ec,2026-09-09 06:10:00+00:00,2026-09-09 06:40:00+00:00,1282378.0,1306462.0,1.253,1.232,1.2342499374646774,0.01875006253532252,True
customer_lan,farm_lan,lan_a,dev_lan_ctrl,s_lan_a_ec,2026-09-09 06:20:00+00:00,2026-09-09 06:50:00+00:00,1290397.0,1314481.0,1.249,1.244,1.2450434763828095,0.003956523617190566,True
customer_lan,farm_lan,lan_a,dev_lan_ctrl,s_lan_a_ec,2026-09-09 06:30:00+00:00,2026-09-09 07:00:00+00:00,1298416.0,1322500.0,1.267,1.232,1.2327658711894498,0.0342341288105501,True
customer_lan,farm_lan,lan_a,dev_lan_ctrl,s_lan_a_ec,2026-09-09 06:40:00+00:00,2026-09-09 07:10:00+00:00,1306462.0,1330546.0,1.278,1.253,1.2486653758889592,0.02933462411104082,True
customer_lan,farm_lan,lan_a,dev_lan_ctrl,s_lan_a_ec,2026-09-09 06:50:00+00:00,2026-09-09 07:20:00+00:00,1314481.0,1338565.0,1.307,1.249,1.2476546680819676,0.059345331918032374,True
customer_lan,farm_lan,lan_a,dev_lan_ctrl,s_lan_a_ec,2026-09-09 07:00:00+00:00,2026-09-09 07:30:00+00:00,1322500.0,1346584.0,1.281,1.267,1.263531961151872,0.017468038848127865,True
customer_lan,farm_lan,lan_a,dev_lan_ctrl,s_lan_a_ec,2026-09-09 07:10:00+00:00,2026-09-09 07:40:00+00:00,1330546.0,1354603.0,1.273,1.278,1.278174232703664,0.005174232703664128,True
customer_lan,farm_lan,lan_a,dev_lan_ctrl,s_lan_a_ec,2026-09-09 07:20:00+00:00,2026-09-09 07:50:00+00:00,1338565.0,1362649.0,1.257,1.307,1.3041205544262067,0.04712055442620677,True
customer_lan,farm_lan,lan_a,dev_lan_ctrl,s_lan_a_ec,2026-09-09 07:30:00+00:00,2026-09-09 08:00:00+00:00,1346584.0,1370668.0,1.229,1.281,1.2835379329648355,0.054537932964835445,True
customer_lan,farm_lan,lan_a,dev_lan_ctrl,s_lan_a_ec,2026-09-09 07:40:00+00:00,2026-09-09 08:10:00+00:00,1354603.0,1378687.0,1.238,1.273,1.2748864388600307,0.036886438860030735,True
customer_lan,farm_lan,lan_a,dev_lan_ctrl,s_lan_a_ec,2026-09-09 07:50:00+00:00,2026-09-09 08:20:00+00:00,1362649.0,1386733.0,1.252,1.257,1.263116121604252,0.011116121604251905,True
customer_long,farm_long,long_a,dev_long_sensor,s_long_a_ec,2026-09-07 11:30:00+00:00,2026-09-07 12:00:00+00:00,28304.0,52388.0,1.807,1.797,1.7694502264819263,0.03754977351807365,True
customer_long,farm_long,long_a,dev_long_sensor,s_long_a_ec,2026-09-07 11:40:00+00:00,2026-09-07 12:10:00+00:00,36323.0,60407.0,1.796,1.777,1.7620093143412379,0.033990685658762176,True
customer_long,farm_long,long_a,dev_long_sensor,s_long_a_ec,2026-09-07 11:50:00+00:00,2026-09-07 12:20:00+00:00,44369.0,68453.0,1.792,1.799,1.782747342646487,0.009252657353512994,True
customer_long,farm_long,long_a,dev_long_sensor,s_long_a_ec,2026-09-07 12:00:00+00:00,2026-09-07 12:30:00+00:00,52388.0,76472.0,1.767,1.807,1.8072977941942237,0.040297794194223746,True
customer_long,farm_long,long_a,dev_long_sensor,s_long_a_ec,2026-09-07 12:10:00+00:00,2026-09-07 12:40:00+00:00,60407.0,84491.0,1.793,1.796,1.7953398881338847,0.002339888133884749,True
customer_long,farm_long,long_a,dev_long_sensor,s_long_a_ec,2026-09-07 12:20:00+00:00,2026-09-07 12:50:00+00:00,68453.0,92537.0,1.749,1.792,1.7932919183448097,0.04429191834480961,True
customer_long,farm_long,long_a,dev_long_sensor,s_long_a_ec,2026-09-07 12:30:00+00:00,2026-09-07 13:00:00+00:00,76472.0,100556.0,1.759,1.767,1.7685622644158636,0.00956226441586372,True
customer_long,farm_long,long_a,dev_long_sensor,s_long_a_ec,2026-09-07 12:40:00+00:00,2026-09-07 13:10:00+00:00,84491.0,108575.0,1.75,1.793,1.7914675372985986,0.041467537298598645,True
customer_long,farm_long,long_a,dev_long_sensor,s_long_a_ec,2026-09-07 12:50:00+00:00,2026-09-07 13:20:00+00:00,92537.0,116621.0,1.752,1.749,1.7507992944844633,0.0012007055155367485,True
customer_long,farm_long,long_a,dev_long_sensor,s_long_a_ec,2026-09-07 13:00:00+00:00,2026-09-07 13:30:00+00:00,100556.0,124640.0,1.763,1.759,1.7552196305975722,0.007780369402427656,True
customer_long,farm_long,long_a,dev_long_sensor,s_long_a_ec,2026-09-07 13:10:00+00:00,2026-09-07 13:40:00+00:00,108575.0,132659.0,1.745,1.75,1.7507838991100153,0.0057838991100152,True
customer_long,farm_long,long_a,dev_long_sensor,s_long_a_ec,2026-09-07 13:20:00+00:00,2026-09-07 13:50:00+00:00,116621.0,140705.0,1.754,1.752,1.7481738852785746,0.005826114721425357,True
customer_long,farm_long,long_a,dev_long_sensor,s_long_a_ec,2026-09-07 13:30:00+00:00,2026-09-07 14:00:00+00:00,124640.0,148697.0,1.745,1.763,1.760643346554602,0.015643346554601978,True
customer_long,farm_long,long_a,dev_long_sensor,s_long_a_ec,2026-09-07 13:40:00+00:00,2026-09-07 14:10:00+00:00,132659.0,156716.0,1.732,1.745,1.742329107230339,0.010329107230339085,True
customer_long,farm_long,long_a,dev_long_sensor,s_long_a_ec,2026-09-07 13:50:00+00:00,2026-09-07 14:20:00+00:00,140705.0,164735.0,1.72,1.754,1.7522017462500885,0.032201746250088537,True
customer_long,farm_long,long_a,dev_long_sensor,s_long_a_ec,2026-09-07 14:00:00+00:00,2026-09-07 14:30:00+00:00,148697.0,172781.0,1.73,1.745,1.744969079518261,0.014969079518261097,True
customer_long,farm_long,long_a,dev_long_sensor,s_long_a_ec,2026-09-07 14:10:00+00:00,2026-09-07 14:40:00+00:00,156716.0,180800.0,1.734,1.732,1.7312956016459022,0.002704398354097748,True
customer_long,farm_long,long_a,dev_long_sensor,s_long_a_ec,2026-09-07 14:20:00+00:00,2026-09-07 14:50:00+00:00,164735.0,188792.0,1.733,1.72,1.720592206915002,0.012407793084998175,True
customer_long,farm_long,long_a,dev_long_sensor,s_long_a_ec,2026-09-07 14:30:00+00:00,2026-09-07 15:00:00+00:00,172781.0,196838.0,1.703,1.73,1.728069033786672,0.025069033786671913,True
customer_long,farm_long,long_a,dev_long_sensor,s_long_a_ec,2026-09-07 14:40:00+00:00,2026-09-07 15:10:00+00:00,180800.0,204857.0,1.709,1.734,1.731901505296114,0.0229015052961139,True
customer_long,farm_long,long_a,dev_long_sensor,s_long_a_ec,2026-09-07 14:50:00+00:00,2026-09-07 15:20:00+00:00,188792.0,212903.0,1.721,1.733,1.7294081346019652,0.0084081346019651,True
customer_long,farm_long,long_a,dev_long_sensor,s_long_a_ec,2026-09-07 15:00:00+00:00,2026-09-07 15:30:00+00:00,196838.0,220922.0,1.713,1.703,1.703170437786332,0.009829562213668153,True
customer_long,farm_long,long_a,dev_long_sensor,s_long_a_ec,2026-09-07 15:10:00+00:00,2026-09-07 15:40:00+00:00,204857.0,228941.0,1.723,1.709,1.70853672180852,0.014463278191480189,True
customer_long,farm_long,long_a,dev_long_sensor,s_long_a_ec,2026-09-07 15:20:00+00:00,2026-09-07 15:50:00+00:00,212903.0,236960.0,1.721,1.721,1.7206211094376365,0.00037889056236362073,True
customer_long,farm_long,long_a,dev_long_sensor,s_long_a_ec,2026-09-07 15:30:00+00:00,2026-09-07 16:00:00+00:00,220922.0,244979.0,1.726,1.713,1.710282305125893,0.015717694874106902,True
customer_long,farm_long,long_a,dev_long_sensor,s_long_a_ec,2026-09-07 15:40:00+00:00,2026-09-07 16:10:00+00:00,228941.0,252998.0,1.698,1.723,1.719430023828112,0.021430023828111988,True
customer_long,farm_long,long_a,dev_long_sensor,s_long_a_ec,2026-09-07 15:50:00+00:00,2026-09-07 16:20:00+00:00,236960.0,260990.0,1.723,1.721,1.719267522012175,0.003732477987825167,True
customer_long,farm_long,long_a,dev_long_sensor,s_long_a_ec,2026-09-07 16:00:00+00:00,2026-09-07 16:30:00+00:00,244979.0,269009.0,1.735,1.726,1.7244176594110525,0.01058234058894758,True
customer_long,farm_long,long_a,dev_long_sensor,s_long_a_ec,2026-09-07 16:10:00+00:00,2026-09-07 16:40:00+00:00,252998.0,277028.0,1.735,1.698,1.6995333199616536,0.03546668003834652,True
customer_long,farm_long,long_a,dev_long_sensor,s_long_a_ec,2026-09-07 16:30:00+00:00,2026-09-07 17:00:00+00:00,269009.0,287045.0,1.728,1.735,1.7337419655060216,0.0057419655060215735,True
customer_long,farm_long,long_a,dev_long_sensor,s_long_a_ec,2026-09-07 16:40:00+00:00,2026-09-07 17:10:00+00:00,277028.0,295064.0,1.765,1.735,1.7307746668007673,0.0342253331992326,True
customer_long,farm_long,long_a,dev_long_sensor,s_long_a_ec,2026-09-07 16:50:00+00:00,2026-09-07 17:20:00+00:00,282266.0,303083.0,1.753,1.728,1.7224055346997234,0.03059446530027654,True
customer_long,farm_long,long_a,dev_long_sensor,s_long_a_ec,2026-09-07 17:00:00+00:00,2026-09-07 17:30:00+00:00,287045.0,311102.0,1.764,1.728,1.727359326983107,0.03664067301689311,True
customer_long,farm_long,long_a,dev_long_sensor,s_long_a_ec,2026-09-07 17:10:00+00:00,2026-09-07 17:40:00+00:00,295064.0,319094.0,1.809,1.765,1.76284515469142,0.04615484530858005,True
customer_long,farm_long,long_a,dev_long_sensor,s_long_a_ec,2026-09-07 17:20:00+00:00,2026-09-07 17:50:00+00:00,303083.0,327140.0,1.802,1.753,1.7513444156851965,0.05065558431480355,True
customer_long,farm_long,long_a,dev_long_sensor,s_long_a_ec,2026-09-07 17:30:00+00:00,2026-09-07 18:00:00+00:00,311102.0,335159.0,1.807,1.764,1.7600517502888238,0.04694824971117617,True
customer_long,farm_long,long_a,dev_long_sensor,s_long_a_ec,2026-09-07 17:40:00+00:00,2026-09-07 18:10:00+00:00,319094.0,343178.0,1.841,1.809,1.8055451025700686,0.035454897429931354,True
customer_long,farm_long,long_a,dev_long_sensor,s_long_a_ec,2026-09-07 17:50:00+00:00,2026-09-07 18:20:00+00:00,327140.0,351224.0,1.799,1.802,1.7999904356043743,0.0009904356043743956,True
customer_long,farm_long,long_a,dev_long_sensor,s_long_a_ec,2026-09-07 18:00:00+00:00,2026-09-07 18:30:00+00:00,335159.0,359243.0,1.797,1.807,1.8049226543151555,0.007922654315155597,True
customer_long,farm_long,long_a,dev_long_sensor,s_long_a_ec,2026-09-07 18:10:00+00:00,2026-09-07 18:40:00+00:00,343178.0,367262.0,1.805,1.841,1.8389455247721807,0.03394552477218071,True
customer_long,farm_long,long_a,dev_long_sensor,s_long_a_ec,2026-09-07 18:20:00+00:00,2026-09-07 18:50:00+00:00,351224.0,375281.0,1.786,1.799,1.8015264616268387,0.015526461626838683,True
customer_long,farm_long,long_a,dev_long_sensor,s_long_a_ec,2026-09-07 18:30:00+00:00,2026-09-07 19:00:00+00:00,359243.0,383300.0,1.774,1.797,1.7976364516945764,0.0236364516945764,True
customer_long,farm_long,long_a,dev_long_sensor,s_long_a_ec,2026-09-07 18:40:00+00:00,2026-09-07 19:10:00+00:00,367262.0,391319.0,1.781,1.805,1.8063597262329345,0.025359726232934587,True
customer_long,farm_long,long_a,dev_long_sensor,s_long_a_ec,2026-09-07 18:50:00+00:00,2026-09-07 19:20:00+00:00,375281.0,399338.0,1.782,1.786,1.7855253082633977,0.0035253082633976973,True
customer_long,farm_long,long_a,dev_long_sensor,s_long_a_ec,2026-09-07 19:00:00+00:00,2026-09-07 19:30:00+00:00,383300.0,407357.0,1.791,1.774,1.7732296793546638,0.017770320645336124,True
customer_long,farm_long,long_a,dev_long_sensor,s_long_a_ec,2026-09-07 19:10:00+00:00,2026-09-07 19:40:00+00:00,391319.0,415376.0,1.79,1.781,1.7784769362564556,0.011523063743544393,True
customer_long,farm_long,long_a,dev_long_sensor,s_long_a_ec,2026-09-07 19:20:00+00:00,2026-09-07 19:50:00+00:00,399338.0,423395.0,1.767,1.782,1.780043186605043,0.013043186605043111,True
customer_long,farm_long,long_a,dev_long_sensor,s_long_a_ec,2026-09-07 19:30:00+00:00,2026-09-07 20:00:00+00:00,407357.0,431414.0,1.763,1.791,1.7872370576631211,0.02423705766312123,True
customer_long,farm_long,long_a,dev_long_sensor,s_long_a_ec,2026-09-07 19:40:00+00:00,2026-09-07 20:10:00+00:00,415376.0,439379.0,1.757,1.79,1.786940036710201,0.02994003671020118,True
customer_long,farm_long,long_a,dev_long_sensor,s_long_a_ec,2026-09-07 19:50:00+00:00,2026-09-07 20:20:00+00:00,423395.0,447317.0,1.766,1.767,1.7666944763769714,0.000694476376971398,True
customer_long,farm_long,long_a,dev_long_sensor,s_long_a_ec,2026-09-07 20:00:00+00:00,2026-09-07 20:30:00+00:00,431414.0,455228.0,1.771,1.763,1.7635869076238333,0.007413092376166608,True
customer_long,farm_long,long_a,dev_long_sensor,s_long_a_ec,2026-09-07 22:30:00+00:00,2026-09-07 23:00:00+00:00,509225.0,533255.0,1.703,1.72,1.7064211405898746,0.0034211405898745273,True
customer_long,farm_long,long_a,dev_long_sensor,s_long_a_ec,2026-09-07 22:40:00+00:00,2026-09-07 23:10:00+00:00,517244.0,541274.0,1.72,1.715,1.7095485929976575,0.010451407002342483,True
customer_long,farm_long,long_a,dev_long_sensor,s_long_a_ec,2026-09-07 22:50:00+00:00,2026-09-07 23:20:00+00:00,525263.0,549293.0,1.725,1.71,1.7050219847650188,0.019978015234981328,True
customer_long,farm_long,long_a,dev_long_sensor,s_long_a_ec,2026-09-07 23:00:00+00:00,2026-09-07 23:30:00+00:00,533255.0,557339.0,1.725,1.703,1.713456329287768,0.011543670712232057,True
customer_long,farm_long,long_a,dev_long_sensor,s_long_a_ec,2026-09-07 23:10:00+00:00,2026-09-07 23:40:00+00:00,541274.0,565358.0,1.757,1.72,1.7243670666479756,0.03263293335202433,True
customer_long,farm_long,long_a,dev_long_sensor,s_long_a_ec,2026-09-07 23:20:00+00:00,2026-09-07 23:50:00+00:00,549293.0,573404.0,1.748,1.725,1.7251568119009746,0.022843188099025413,True
customer_long,farm_long,long_a,dev_long_sensor,s_long_a_ec,2026-09-07 23:30:00+00:00,2026-09-08 00:00:00+00:00,557339.0,581423.0,1.718,1.725,1.7218704018449649,0.003870401844964899,True
customer_long,farm_long,long_a,dev_long_sensor,s_long_a_ec,2026-09-07 23:40:00+00:00,2026-09-08 00:10:00+00:00,565358.0,589442.0,1.712,1.757,1.7531248430980764,0.0411248430980764,True
customer_long,farm_long,long_a,dev_long_sensor,s_long_a_ec,2026-09-07 23:50:00+00:00,2026-09-08 00:20:00+00:00,573404.0,597461.0,1.69,1.748,1.7468440418723554,0.05684404187235548,True
customer_long,farm_long,long_a,dev_long_sensor,s_long_a_ec,2026-09-08 00:00:00+00:00,2026-09-08 00:30:00+00:00,581423.0,605480.0,1.681,1.718,1.718908668068354,0.03790866806835402,True
customer_long,farm_long,long_a,dev_long_sensor,s_long_a_ec,2026-09-08 00:10:00+00:00,2026-09-08 00:40:00+00:00,589442.0,613499.0,1.704,1.712,1.7145277863408903,0.010527786340890355,True
customer_long,farm_long,long_a,dev_long_sensor,s_long_a_ec,2026-09-08 00:20:00+00:00,2026-09-08 00:50:00+00:00,597461.0,621518.0,1.696,1.69,1.6932447701843567,0.0027552298156432453,True
customer_long,farm_long,long_a,dev_long_sensor,s_long_a_ec,2026-09-08 00:30:00+00:00,2026-09-08 01:00:00+00:00,605480.0,629564.0,1.678,1.681,1.6812910673221246,0.0032910673221246967,True
customer_long,farm_long,long_a,dev_long_sensor,s_long_a_ec,2026-09-08 00:40:00+00:00,2026-09-08 01:10:00+00:00,613499.0,637583.0,1.665,1.704,1.7001416388273909,0.03514163882739085,True
customer_long,farm_long,long_a,dev_long_sensor,s_long_a_ec,2026-09-08 08:10:00+00:00,2026-09-08 08:40:00+00:00,638447.0,646736.0,1.712,1.694,1.6912114505992675,0.020788549400732492,True
customer_long,farm_long,long_a,dev_long_sensor,s_long_a_ec,2026-09-08 08:30:00+00:00,2026-09-08 09:00:00+00:00,638717.0,662774.0,1.716,1.692,1.6886389952861298,0.027361004713870152,True
customer_long,farm_long,long_a,dev_long_sensor,s_long_a_ec,2026-09-08 08:40:00+00:00,2026-09-08 09:10:00+00:00,646736.0,670793.0,1.724,1.712,1.7227283604487138,0.0012716395512861745,True
customer_long,farm_long,long_a,dev_long_sensor,s_long_a_ec,2026-09-08 08:50:00+00:00,2026-09-08 09:20:00+00:00,654755.0,678806.0,1.695,1.755,1.750158029665478,0.05515802966547789,True
customer_long,farm_long,long_a,dev_long_sensor,s_long_a_ec,2026-09-08 09:00:00+00:00,2026-09-08 09:30:00+00:00,662774.0,686825.0,1.683,1.716,1.7204692777667265,0.03746927776672648,True
customer_long,farm_long,long_a,dev_long_sensor,s_long_a_ec,2026-09-08 09:10:00+00:00,2026-09-08 09:40:00+00:00,670793.0,694844.0,1.695,1.724,1.7264287848690465,0.03142878486904643,True
customer_long,farm_long,long_a,dev_long_sensor,s_long_a_ec,2026-09-08 09:20:00+00:00,2026-09-08 09:50:00+00:00,678806.0,702863.0,1.714,1.695,1.7019390653786515,0.012060934621348496,True
customer_long,farm_long,long_a,dev_long_sensor,s_long_a_ec,2026-09-08 09:30:00+00:00,2026-09-08 10:00:00+00:00,686825.0,710882.0,1.721,1.683,1.6846568886920428,0.03634311130795731,True
customer_long,farm_long,long_a,dev_long_sensor,s_long_a_ec,2026-09-08 09:40:00+00:00,2026-09-08 10:10:00+00:00,694844.0,718901.0,1.738,1.695,1.6952867824092837,0.042713217590716335,True
customer_long,farm_long,long_a,dev_long_sensor,s_long_a_ec,2026-09-08 09:50:00+00:00,2026-09-08 10:20:00+00:00,702863.0,726920.0,1.727,1.714,1.7084397786060335,0.018560221393966625,True
customer_long,farm_long,long_a,dev_long_sensor,s_long_a_ec,2026-09-08 10:00:00+00:00,2026-09-08 10:30:00+00:00,710882.0,734966.0,1.728,1.721,1.7162751746950438,0.011724825304956221,True
customer_long,farm_long,long_a,dev_long_sensor,s_long_a_ec,2026-09-08 15:00:00+00:00,2026-09-08 15:30:00+00:00,787313.0,811397.0,1.686,1.735,1.7207901168181379,0.03479011681813793,True
customer_long,farm_long,long_a,dev_long_sensor,s_long_a_ec,2026-09-08 15:10:00+00:00,2026-09-08 15:40:00+00:00,795332.0,819416.0,1.719,1.719,1.714237815592476,0.004762184407524073,True
customer_long,farm_long,long_a,dev_long_sensor,s_long_a_ec,2026-09-08 15:20:00+00:00,2026-09-08 15:50:00+00:00,803378.0,827462.0,1.721,1.711,1.7061081259542097,0.014891874045790399,True
customer_long,farm_long,long_a,dev_long_sensor,s_long_a_ec,2026-09-08 15:30:00+00:00,2026-09-08 16:00:00+00:00,811397.0,835481.0,1.727,1.686,1.6992717857324495,0.027728214267550566,True
customer_long,farm_long,long_a,dev_long_sensor,s_long_a_ec,2026-09-08 15:40:00+00:00,2026-09-08 16:10:00+00:00,819416.0,843500.0,1.75,1.719,1.723132571057909,0.026867428942090932,True
customer_long,farm_long,long_a,dev_long_sensor,s_long_a_ec,2026-09-08 15:50:00+00:00,2026-09-08 16:20:00+00:00,827462.0,851519.0,1.742,1.721,1.7217235582736325,0.020276441726367445,True
customer_long,farm_long,long_a,dev_long_sensor,s_long_a_ec,2026-09-08 16:00:00+00:00,2026-09-08 16:30:00+00:00,835481.0,859538.0,1.72,1.727,1.7211895629863643,0.001189562986364301,True
customer_long,farm_long,long_a,dev_long_sensor,s_long_a_ec,2026-09-08 16:10:00+00:00,2026-09-08 16:40:00+00:00,843500.0,867476.0,1.71,1.75,1.746522242615008,0.03652224261500803,True
customer_long,farm_long,long_a,dev_long_sensor,s_long_a_ec,2026-09-08 16:20:00+00:00,2026-09-08 16:50:00+00:00,851519.0,875414.0,1.679,1.742,1.740573223709521,0.06157322370952101,True
customer_long,farm_long,long_a,dev_long_sensor,s_long_a_ec,2026-09-08 16:30:00+00:00,2026-09-08 17:00:00+00:00,859538.0,883379.0,1.672,1.72,1.7216199654614996,0.049619965461499715,True
customer_long,farm_long,long_a,dev_long_sensor,s_long_a_ec,2026-09-08 16:40:00+00:00,2026-09-08 17:10:00+00:00,867476.0,891398.0,1.69,1.71,1.7122090392383158,0.022209039238315853,True
customer_long,farm_long,long_a,dev_long_sensor,s_long_a_ec,2026-09-08 16:50:00+00:00,2026-09-08 17:20:00+00:00,875414.0,899417.0,1.678,1.679,1.6826520032873562,0.0046520032873562656,True
customer_long,farm_long,long_a,dev_long_sensor,s_long_a_ec,2026-09-08 17:00:00+00:00,2026-09-08 17:30:00+00:00,883379.0,907436.0,1.672,1.672,1.6726927196790267,0.000692719679026732,True
customer_long,farm_long,long_a,dev_long_sensor,s_long_a_ec,2026-09-08 17:10:00+00:00,2026-09-08 17:40:00+00:00,891398.0,915428.0,1.652,1.69,1.687166441896358,0.03516644189635798,True
customer_long,farm_long,long_a,dev_long_sensor,s_long_a_ec,2026-09-08 17:20:00+00:00,2026-09-08 17:50:00+00:00,899417.0,923474.0,1.636,1.678,1.6743207255010446,0.038320725501044706,True
customer_long,farm_long,long_a,dev_long_sensor,s_long_a_ec,2026-09-08 17:30:00+00:00,2026-09-08 18:00:00+00:00,907436.0,931466.0,1.624,1.672,1.6685832709109392,0.044583270910939055,True
customer_long,farm_long,long_a,dev_long_sensor,s_long_a_ec,2026-09-08 17:40:00+00:00,2026-09-08 18:10:00+00:00,915428.0,939485.0,1.629,1.652,1.6522563246465465,0.023256324646546478,True
customer_long,farm_long,long_a,dev_long_sensor,s_long_a_ec,2026-09-08 17:50:00+00:00,2026-09-08 18:20:00+00:00,923474.0,947531.0,1.621,1.636,1.6372305790014892,0.016230579001489165,True
customer_long,farm_long,long_a,dev_long_sensor,s_long_a_ec,2026-09-08 18:00:00+00:00,2026-09-08 18:30:00+00:00,931466.0,955550.0,1.627,1.624,1.625490513599383,0.0015094864006170994,True
customer_long,farm_long,long_a,dev_long_sensor,s_long_a_ec,2026-09-08 18:10:00+00:00,2026-09-08 18:40:00+00:00,939485.0,963569.0,1.641,1.629,1.626963710196473,0.014036289803527113,True
customer_long,farm_long,long_a,dev_long_sensor,s_long_a_ec,2026-09-08 18:20:00+00:00,2026-09-08 18:50:00+00:00,947531.0,971534.0,1.642,1.621,1.6189939815051515,0.0230060184948484,True
customer_long,farm_long,long_a,dev_long_sensor,s_long_a_ec,2026-09-08 18:30:00+00:00,2026-09-08 19:00:00+00:00,955550.0,979472.0,1.628,1.627,1.6232780586552638,0.004721941344736136,True
customer_long,farm_long,long_a,dev_long_sensor,s_long_a_ec,2026-09-08 18:40:00+00:00,2026-09-08 19:10:00+00:00,963569.0,987437.0,1.605,1.641,1.637944449738125,0.03294444973812505,True
customer_long,farm_long,long_a,dev_long_sensor,s_long_a_ec,2026-09-08 18:50:00+00:00,2026-09-08 19:20:00+00:00,971534.0,995456.0,1.618,1.642,1.6394039799354578,0.02140397993545773,True
customer_long,farm_long,long_a,dev_long_sensor,s_long_a_ec,2026-09-08 19:00:00+00:00,2026-09-08 19:30:00+00:00,979472.0,1003475.0,1.657,1.628,1.627601068941434,0.029398931058566058,True
customer_long,farm_long,long_a,dev_long_sensor,s_long_a_ec,2026-09-08 19:10:00+00:00,2026-09-08 19:40:00+00:00,987437.0,1011494.0,1.612,1.605,1.6069622515760438,0.005037748423956323,True
customer_long,farm_long,long_a,dev_long_sensor,s_long_a_ec,2026-09-08 19:20:00+00:00,2026-09-08 19:50:00+00:00,995456.0,1019513.0,1.604,1.618,1.6186566867543262,0.014656686754326076,True
customer_long,farm_long,long_a,dev_long_sensor,s_long_a_ec,2026-09-08 19:30:00+00:00,2026-09-08 20:00:00+00:00,1003475.0,1027532.0,1.605,1.657,1.6536301215881626,0.0486301215881626,True
customer_long,farm_long,long_a,dev_long_sensor,s_long_a_ec,2026-09-08 19:40:00+00:00,2026-09-08 20:10:00+00:00,1011494.0,1035524.0,1.595,1.612,1.6107285709256307,0.015728570925630736,True
customer_long,farm_long,long_a,dev_long_sensor,s_long_a_ec,2026-09-08 19:50:00+00:00,2026-09-08 20:20:00+00:00,1019513.0,1043543.0,1.604,1.604,1.6024375750914377,0.0015624249085623987,True
customer_long,farm_long,long_a,dev_long_sensor,s_long_a_ec,2026-09-08 20:00:00+00:00,2026-09-08 20:30:00+00:00,1027532.0,1051562.0,1.589,1.605,1.6079199564963582,0.018919956496358248,True
customer_long,farm_long,long_a,dev_long_sensor,s_long_a_ec,2026-09-08 20:10:00+00:00,2026-09-08 20:40:00+00:00,1035524.0,1059581.0,1.604,1.595,1.5956152162548576,0.00838478374514251,True
customer_long,farm_long,long_a,dev_long_sensor,s_long_a_ec,2026-09-08 20:20:00+00:00,2026-09-08 20:50:00+00:00,1043543.0,1067627.0,1.616,1.604,1.6020875362829676,0.013912463717032475,True
customer_long,farm_long,long_a,dev_long_sensor,s_long_a_ec,2026-09-08 20:30:00+00:00,2026-09-08 21:00:00+00:00,1051562.0,1075646.0,1.601,1.589,1.5869069029982912,0.014093097001708799,True
customer_long,farm_long,long_a,dev_long_sensor,s_long_a_ec,2026-09-08 20:40:00+00:00,2026-09-08 21:10:00+00:00,1059581.0,1083665.0,1.606,1.604,1.6012947474422417,0.004705252557758444,True
customer_long,farm_long,long_a,dev_long_sensor,s_long_a_ec,2026-09-08 20:50:00+00:00,2026-09-08 21:20:00+00:00,1067627.0,1091684.0,1.612,1.616,1.6143489222027323,0.0023489222027321954,True
customer_long,farm_long,long_a,dev_long_sensor,s_long_a_ec,2026-09-08 21:00:00+00:00,2026-09-08 21:30:00+00:00,1075646.0,1099703.0,1.605,1.601,1.5993651799945519,0.005634820005448127,True
customer_long,farm_long,long_a,dev_long_sensor,s_long_a_ec,2026-09-08 21:10:00+00:00,2026-09-08 21:40:00+00:00,1083665.0,1107722.0,1.622,1.606,1.6052024823299123,0.016797517670087858,True
customer_long,farm_long,long_a,dev_long_sensor,s_long_a_ec,2026-09-08 21:20:00+00:00,2026-09-08 21:50:00+00:00,1091684.0,1115714.0,1.595,1.612,1.6117786166030252,0.016778616603025265,True
customer_long,farm_long,long_a,dev_long_sensor,s_long_a_ec,2026-09-08 21:30:00+00:00,2026-09-08 22:00:00+00:00,1099703.0,1123733.0,1.597,1.605,1.6048352425198849,0.007835242519884877,True
customer_long,farm_long,long_a,dev_long_sensor,s_long_a_ec,2026-09-08 21:40:00+00:00,2026-09-08 22:10:00+00:00,1107722.0,1131752.0,1.59,1.622,1.6198814240758432,0.029881424075843155,True
customer_long,farm_long,long_a,dev_long_sensor,s_long_a_ec,2026-09-08 21:50:00+00:00,2026-09-08 22:20:00+00:00,1115714.0,1139798.0,1.592,1.595,1.5957205417875422,0.0037205417875421087,True
customer_long,farm_long,long_a,dev_long_sensor,s_long_a_ec,2026-09-08 22:00:00+00:00,2026-09-08 22:30:00+00:00,1123733.0,1147817.0,1.605,1.597,1.5964194633966178,0.008580536603382205,True
customer_long,farm_long,long_a,dev_long_sensor,s_long_a_ec,2026-09-08 22:10:00+00:00,2026-09-08 22:40:00+00:00,1131752.0,1155863.0,1.596,1.59,1.5916992855059,0.0043007144941000774,True
customer_long,farm_long,long_a,dev_long_sensor,s_long_a_ec,2026-09-08 22:20:00+00:00,2026-09-08 22:50:00+00:00,1139798.0,1163882.0,1.578,1.592,1.5903796657548939,0.012379665754893798,True
customer_long,farm_long,long_a,dev_long_sensor,s_long_a_ec,2026-09-08 22:30:00+00:00,2026-09-08 23:00:00+00:00,1147817.0,1171901.0,1.579,1.605,1.6030070210200158,0.02400702102001584,True
customer_long,farm_long,long_a,dev_long_sensor,s_long_a_ec,2026-09-08 22:40:00+00:00,2026-09-08 23:10:00+00:00,1155863.0,1179947.0,1.586,1.596,1.5937262276079764,0.007726227607976366,True
customer_long,farm_long,long_a,dev_long_sensor,s_long_a_ec,2026-09-08 22:50:00+00:00,2026-09-08 23:20:00+00:00,1163882.0,1187966.0,1.567,1.578,1.5782013872457992,0.011201387245799221,True
customer_long,farm_long,long_a,dev_long_sensor,s_long_a_ec,2026-09-08 23:00:00+00:00,2026-09-08 23:30:00+00:00,1171901.0,1195985.0,1.545,1.579,1.5796381594346,0.034638159434600135,True
customer_long,farm_long,long_a,dev_long_sensor,s_long_a_ec,2026-09-09 04:30:00+00:00,2026-09-09 05:00:00+00:00,1202114.0,1226198.0,1.559,1.581,1.585908183139798,0.026908183139798147,True
customer_long,farm_long,long_a,dev_long_sensor,s_long_a_ec,2026-09-09 04:40:00+00:00,2026-09-09 05:10:00+00:00,1210133.0,1234217.0,1.604,1.611,1.6127305689838187,0.008730568983818632,True
customer_long,farm_long,long_a,dev_long_sensor,s_long_a_ec,2026-09-09 04:50:00+00:00,2026-09-09 05:20:00+00:00,1218179.0,1242236.0,1.622,1.615,1.613952056595294,0.008047943404706048,True
customer_long,farm_long,long_a,dev_long_sensor,s_long_a_ec,2026-09-09 05:00:00+00:00,2026-09-09 05:30:00+00:00,1226198.0,1250255.0,1.644,1.559,1.5649221152382842,0.07907788476171573,True
customer_long,farm_long,long_a,dev_long_sensor,s_long_a_ec,2026-09-09 05:10:00+00:00,2026-09-09 05:40:00+00:00,1234217.0,1258274.0,1.661,1.604,1.6029421311194647,0.058057868880535324,True
customer_long,farm_long,long_a,dev_long_sensor,s_long_a_ec,2026-09-09 05:20:00+00:00,2026-09-09 05:50:00+00:00,1242236.0,1266320.0,1.638,1.622,1.618147496974098,0.019852503025901802,True
customer_long,farm_long,long_a,dev_long_sensor,s_long_a_ec,2026-09-09 05:30:00+00:00,2026-09-09 06:00:00+00:00,1250255.0,1274339.0,1.643,1.644,1.6374817558778076,0.005518244122192373,True
customer_long,farm_long,long_a,dev_long_sensor,s_long_a_ec,2026-09-09 05:40:00+00:00,2026-09-09 06:10:00+00:00,1258274.0,1282385.0,1.643,1.661,1.6566286905271328,0.01362869052713278,True
customer_long,farm_long,long_a,dev_long_sensor,s_long_a_ec,2026-09-09 05:50:00+00:00,2026-09-09 06:20:00+00:00,1266320.0,1290404.0,1.632,1.638,1.6374754134036038,0.005475413403603913,True
customer_long,farm_long,long_a,dev_long_sensor,s_long_a_ec,2026-09-09 06:00:00+00:00,2026-09-09 06:30:00+00:00,1274339.0,1298423.0,1.665,1.643,1.645880503266763,0.019119496733237096,True
customer_long,farm_long,long_a,dev_long_sensor,s_long_a_ec,2026-09-09 06:10:00+00:00,2026-09-09 06:40:00+00:00,1282385.0,1306469.0,1.7,1.643,1.645725789088637,0.054274210911362974,True
customer_long,farm_long,long_a,dev_long_sensor,s_long_a_ec,2026-09-09 06:20:00+00:00,2026-09-09 06:50:00+00:00,1290404.0,1314488.0,1.711,1.632,1.632437846059308,0.07856215394069199,True
customer_long,farm_long,long_a,dev_long_sensor,s_long_a_ec,2026-09-09 06:30:00+00:00,2026-09-09 07:00:00+00:00,1298423.0,1322507.0,1.75,1.665,1.6617476440648116,0.08825235593518843,True
customer_long,farm_long,long_a,dev_long_sensor,s_long_a_ec,2026-09-09 06:40:00+00:00,2026-09-09 07:10:00+00:00,1306469.0,1330553.0,1.758,1.7,1.6945342280723517,0.06346577192764835,True
customer_long,farm_long,long_a,dev_long_sensor,s_long_a_ec,2026-09-09 06:50:00+00:00,2026-09-09 07:20:00+00:00,1314488.0,1338572.0,1.75,1.711,1.7057721622843889,0.04422783771561112,True
customer_long,farm_long,long_a,dev_long_sensor,s_long_a_ec,2026-09-09 07:00:00+00:00,2026-09-09 07:30:00+00:00,1322507.0,1346591.0,1.73,1.75,1.7446568714718114,0.014656871471811384,True
customer_long,farm_long,long_a,dev_long_sensor,s_long_a_ec,2026-09-09 07:10:00+00:00,2026-09-09 07:40:00+00:00,1330553.0,1354610.0,1.716,1.758,1.7568280650802537,0.04082806508025372,True
customer_long,farm_long,long_a,dev_long_sensor,s_long_a_ec,2026-09-09 07:20:00+00:00,2026-09-09 07:50:00+00:00,1338572.0,1362656.0,1.695,1.75,1.7509931654672048,0.055993165467204786,True
customer_long,farm_long,long_a,dev_long_sensor,s_long_a_ec,2026-09-09 07:30:00+00:00,2026-09-09 08:00:00+00:00,1346591.0,1370675.0,1.702,1.73,1.734304809768778,0.03230480976877814,True
customer_long,farm_long,long_a,dev_long_sensor,s_long_a_ec,2026-09-09 07:40:00+00:00,2026-09-09 08:10:00+00:00,1354610.0,1378694.0,1.707,1.716,1.7197425445730186,0.012742544573018488,True
customer_long,farm_long,long_a,dev_long_sensor,s_long_a_ec,2026-09-09 07:50:00+00:00,2026-09-09 08:20:00+00:00,1362656.0,1386740.0,1.724,1.695,1.6987820104471736,0.025217989552826392,True
customer_long,farm_long,long_b,dev_long_sensor,s_long_b_ec,2026-09-07 11:30:00+00:00,2026-09-07 12:00:00+00:00,28310.0,52394.0,1.721,1.781,1.754056707098376,0.033056707098375826,True
customer_long,farm_long,long_b,dev_long_sensor,s_long_b_ec,2026-09-07 11:40:00+00:00,2026-09-07 12:10:00+00:00,36329.0,60413.0,1.727,1.744,1.729235483089135,0.0022354830891349042,True
customer_long,farm_long,long_b,dev_long_sensor,s_long_b_ec,2026-09-07 11:50:00+00:00,2026-09-07 12:20:00+00:00,44375.0,68459.0,1.717,1.74,1.7237123350106542,0.006712335010654158,True
customer_long,farm_long,long_b,dev_long_sensor,s_long_b_ec,2026-09-07 12:00:00+00:00,2026-09-07 12:30:00+00:00,52394.0,76478.0,1.702,1.721,1.7246493206656628,0.02264932066566283,True
customer_long,farm_long,long_b,dev_long_sensor,s_long_b_ec,2026-09-07 12:10:00+00:00,2026-09-07 12:40:00+00:00,60413.0,84497.0,1.737,1.727,1.7258940144446901,0.01110598555530995,True
customer_long,farm_long,long_b,dev_long_sensor,s_long_b_ec,2026-09-07 12:20:00+00:00,2026-09-07 12:50:00+00:00,68459.0,92543.0,1.742,1.717,1.716751551735112,0.025248448264888035,True
customer_long,farm_long,long_b,dev_long_sensor,s_long_b_ec,2026-09-07 12:30:00+00:00,2026-09-07 13:00:00+00:00,76478.0,100562.0,1.726,1.702,1.6990216282715078,0.026978371728492156,True
customer_long,farm_long,long_b,dev_long_sensor,s_long_b_ec,2026-09-07 12:40:00+00:00,2026-09-07 13:10:00+00:00,84497.0,108581.0,1.731,1.737,1.7331307100972513,0.002130710097251187,True
customer_long,farm_long,long_b,dev_long_sensor,s_long_b_ec,2026-09-07 12:50:00+00:00,2026-09-07 13:20:00+00:00,92543.0,116627.0,1.718,1.742,1.7385101571555677,0.0205101571555677,True
customer_long,farm_long,long_b,dev_long_sensor,s_long_b_ec,2026-09-07 13:00:00+00:00,2026-09-07 13:30:00+00:00,100562.0,124646.0,1.724,1.726,1.7231344234561008,0.0008655765438991825,True
customer_long,farm_long,long_b,dev_long_sensor,s_long_b_ec,2026-09-07 13:10:00+00:00,2026-09-07 13:40:00+00:00,108581.0,132665.0,1.724,1.731,1.7301151054827144,0.0061151054827144335,True
customer_long,farm_long,long_b,dev_long_sensor,s_long_b_ec,2026-09-07 13:20:00+00:00,2026-09-07 13:50:00+00:00,116627.0,140711.0,1.708,1.718,1.7195072571455798,0.011507257145579874,True
customer_long,farm_long,long_b,dev_long_sensor,s_long_b_ec,2026-09-07 13:30:00+00:00,2026-09-07 14:00:00+00:00,124646.0,148703.0,1.725,1.724,1.7236623280395622,0.0013376719604378806,True
customer_long,farm_long,long_b,dev_long_sensor,s_long_b_ec,2026-09-07 13:40:00+00:00,2026-09-07 14:10:00+00:00,132665.0,156722.0,1.714,1.724,1.722757767948718,0.008757767948718076,True
customer_long,farm_long,long_b,dev_long_sensor,s_long_b_ec,2026-09-07 13:50:00+00:00,2026-09-07 14:20:00+00:00,140711.0,164741.0,1.703,1.708,1.706514177411422,0.003514177411422015,True
customer_long,farm_long,long_b,dev_long_sensor,s_long_b_ec,2026-09-07 14:00:00+00:00,2026-09-07 14:30:00+00:00,148703.0,172787.0,1.707,1.725,1.7228589228961746,0.01585892289617452,True
customer_long,farm_long,long_b,dev_long_sensor,s_long_b_ec,2026-09-07 14:10:00+00:00,2026-09-07 14:40:00+00:00,156722.0,180806.0,1.677,1.714,1.7133188019950707,0.03631880199507065,True
customer_long,farm_long,long_b,dev_long_sensor,s_long_b_ec,2026-09-07 14:20:00+00:00,2026-09-07 14:50:00+00:00,164741.0,188798.0,1.664,1.703,1.701703353302184,0.037703353302183995,True
customer_long,farm_long,long_b,dev_long_sensor,s_long_b_ec,2026-09-07 14:30:00+00:00,2026-09-07 15:00:00+00:00,172787.0,196844.0,1.642,1.707,1.7064256062217051,0.06442560622170523,True
customer_long,farm_long,long_b,dev_long_sensor,s_long_b_ec,2026-09-07 14:40:00+00:00,2026-09-07 15:10:00+00:00,180806.0,204863.0,1.642,1.677,1.678033897045367,0.03603389704536708,True
customer_long,farm_long,long_b,dev_long_sensor,s_long_b_ec,2026-09-07 14:50:00+00:00,2026-09-07 15:20:00+00:00,188798.0,212909.0,1.661,1.664,1.664562854018843,0.0035628540188430424,True
customer_long,farm_long,long_b,dev_long_sensor,s_long_b_ec,2026-09-07 15:00:00+00:00,2026-09-07 15:30:00+00:00,196844.0,220928.0,1.659,1.642,1.6436806291419612,0.015319370858038805,True
customer_long,farm_long,long_b,dev_long_sensor,s_long_b_ec,2026-09-07 15:10:00+00:00,2026-09-07 15:40:00+00:00,204863.0,228947.0,1.662,1.642,1.6405886401389544,0.021411359861045476,True
customer_long,farm_long,long_b,dev_long_sensor,s_long_b_ec,2026-09-07 15:20:00+00:00,2026-09-07 15:50:00+00:00,212909.0,236966.0,1.707,1.661,1.6575992755781959,0.04940072442180421,True
customer_long,farm_long,long_b,dev_long_sensor,s_long_b_ec,2026-09-07 15:30:00+00:00,2026-09-07 16:00:00+00:00,220928.0,244958.0,1.705,1.659,1.6541776831940553,0.050822316805944734,True
customer_long,farm_long,long_b,dev_long_sensor,s_long_b_ec,2026-09-07 15:40:00+00:00,2026-09-07 16:10:00+00:00,228947.0,253004.0,1.68,1.662,1.6581583646083746,0.021841635391625314,True
customer_long,farm_long,long_b,dev_long_sensor,s_long_b_ec,2026-09-07 15:50:00+00:00,2026-09-07 16:20:00+00:00,236966.0,260996.0,1.674,1.707,1.70217314894913,0.028173148949130145,True
customer_long,farm_long,long_b,dev_long_sensor,s_long_b_ec,2026-09-07 16:00:00+00:00,2026-09-07 16:30:00+00:00,244958.0,269015.0,1.696,1.705,1.7029255383511095,0.006925538351109539,True
customer_long,farm_long,long_b,dev_long_sensor,s_long_b_ec,2026-09-07 16:10:00+00:00,2026-09-07 16:40:00+00:00,253004.0,277034.0,1.696,1.68,1.679741357460608,0.01625864253939202,True
customer_long,farm_long,long_b,dev_long_sensor,s_long_b_ec,2026-09-07 16:30:00+00:00,2026-09-07 17:00:00+00:00,269015.0,287051.0,1.705,1.696,1.6967739443660383,0.008226055633961726,True
customer_long,farm_long,long_b,dev_long_sensor,s_long_b_ec,2026-09-07 16:40:00+00:00,2026-09-07 17:10:00+00:00,277034.0,295070.0,1.686,1.696,1.6951305586183354,0.00913055861833545,True
customer_long,farm_long,long_b,dev_long_sensor,s_long_b_ec,2026-09-07 16:50:00+00:00,2026-09-07 17:20:00+00:00,282272.0,303089.0,1.637,1.704,1.6951607067867145,0.05816070678671448,True
customer_long,farm_long,long_b,dev_long_sensor,s_long_b_ec,2026-09-07 17:00:00+00:00,2026-09-07 17:30:00+00:00,287051.0,311108.0,1.65,1.705,1.702927967535178,0.052927967535178144,True
customer_long,farm_long,long_b,dev_long_sensor,s_long_b_ec,2026-09-07 17:10:00+00:00,2026-09-07 17:40:00+00:00,295070.0,319100.0,1.679,1.686,1.686637604157266,0.007637604157265887,True
customer_long,farm_long,long_b,dev_long_sensor,s_long_b_ec,2026-09-07 17:20:00+00:00,2026-09-07 17:50:00+00:00,303089.0,327119.0,1.681,1.637,1.6418734590045896,0.039126540995410464,True
customer_long,farm_long,long_b,dev_long_sensor,s_long_b_ec,2026-09-07 17:30:00+00:00,2026-09-07 18:00:00+00:00,311108.0,335165.0,1.669,1.65,1.6511156376696134,0.017884362330386594,True
customer_long,farm_long,long_b,dev_long_sensor,s_long_b_ec,2026-09-07 17:40:00+00:00,2026-09-07 18:10:00+00:00,319100.0,343184.0,1.674,1.679,1.676941548067561,0.002941548067560973,True
customer_long,farm_long,long_b,dev_long_sensor,s_long_b_ec,2026-09-07 17:50:00+00:00,2026-09-07 18:20:00+00:00,327119.0,351230.0,1.695,1.681,1.6746833061134514,0.020316693886548665,True
customer_long,farm_long,long_b,dev_long_sensor,s_long_b_ec,2026-09-07 18:00:00+00:00,2026-09-07 18:30:00+00:00,335165.0,359249.0,1.686,1.669,1.6646649459041825,0.021335054095817485,True
customer_long,farm_long,long_b,dev_long_sensor,s_long_b_ec,2026-09-07 18:10:00+00:00,2026-09-07 18:40:00+00:00,343184.0,367268.0,1.7,1.674,1.6724899326872913,0.027510067312708664,True
customer_long,farm_long,long_b,dev_long_sensor,s_long_b_ec,2026-09-07 18:20:00+00:00,2026-09-07 18:50:00+00:00,351230.0,375287.0,1.712,1.695,1.6947602738542378,0.01723972614576219,True
customer_long,farm_long,long_b,dev_long_sensor,s_long_b_ec,2026-09-07 18:30:00+00:00,2026-09-07 19:00:00+00:00,359249.0,383306.0,1.731,1.686,1.6854380421340127,0.04556195786598738,True
customer_long,farm_long,long_b,dev_long_sensor,s_long_b_ec,2026-09-07 18:40:00+00:00,2026-09-07 19:10:00+00:00,367268.0,391325.0,1.724,1.7,1.6968067175298422,0.02719328247015773,True
customer_long,farm_long,long_b,dev_long_sensor,s_long_b_ec,2026-09-07 18:50:00+00:00,2026-09-07 19:20:00+00:00,375287.0,399344.0,1.708,1.712,1.7104037821371367,0.0024037821371367674,True
customer_long,farm_long,long_b,dev_long_sensor,s_long_b_ec,2026-09-07 19:00:00+00:00,2026-09-07 19:30:00+00:00,383306.0,407363.0,1.725,1.731,1.7279516013275014,0.0029516013275012742,True
customer_long,farm_long,long_b,dev_long_sensor,s_long_b_ec,2026-09-07 19:10:00+00:00,2026-09-07 19:40:00+00:00,391325.0,415382.0,1.738,1.724,1.7232428285743016,0.014757171425698434,True
customer_long,farm_long,long_b,dev_long_sensor,s_long_b_ec,2026-09-07 19:20:00+00:00,2026-09-07 19:50:00+00:00,399344.0,423401.0,1.747,1.708,1.7081836521831484,0.038816347816851726,True
customer_long,farm_long,long_b,dev_long_sensor,s_long_b_ec,2026-09-07 19:30:00+00:00,2026-09-07 20:00:00+00:00,407363.0,431420.0,1.747,1.725,1.7255337828729964,0.021466217127003695,True
customer_long,farm_long,long_b,dev_long_sensor,s_long_b_ec,2026-09-07 19:40:00+00:00,2026-09-07 20:10:00+00:00,415382.0,439385.0,1.723,1.738,1.7369513393613976,0.013951339361397475,True
customer_long,farm_long,long_b,dev_long_sensor,s_long_b_ec,2026-09-07 19:50:00+00:00,2026-09-07 20:20:00+00:00,423401.0,447323.0,1.725,1.747,1.7434491999793735,0.018449199979373443,True
customer_long,farm_long,long_b,dev_long_sensor,s_long_b_ec,2026-09-07 20:00:00+00:00,2026-09-07 20:30:00+00:00,431420.0,455234.0,1.736,1.747,1.744371666831094,0.008371666831094027,True
customer_long,farm_long,long_b,dev_long_sensor,s_long_b_ec,2026-09-07 21:30:00+00:00,2026-09-07 22:00:00+00:00,461144.0,485201.0,1.717,1.763,1.753523030258398,0.03652303025839787,True
customer_long,farm_long,long_b,dev_long_sensor,s_long_b_ec,2026-09-07 21:40:00+00:00,2026-09-07 22:10:00+00:00,469163.0,493193.0,1.72,1.759,1.7600059217331898,0.04000592173318984,True
customer_long,farm_long,long_b,dev_long_sensor,s_long_b_ec,2026-09-07 21:50:00+00:00,2026-09-07 22:20:00+00:00,477182.0,501212.0,1.716,1.723,1.7239505169085305,0.007950516908530547,True
customer_long,farm_long,long_b,dev_long_sensor,s_long_b_ec,2026-09-07 22:00:00+00:00,2026-09-07 22:30:00+00:00,485201.0,509231.0,1.709,1.717,1.730576132247595,0.021576132247594915,True
customer_long,farm_long,long_b,dev_long_sensor,s_long_b_ec,2026-09-07 22:10:00+00:00,2026-09-07 22:40:00+00:00,493193.0,517250.0,1.709,1.72,1.7290004917097608,0.020000491709760704,True
customer_long,farm_long,long_b,dev_long_sensor,s_long_b_ec,2026-09-07 22:20:00+00:00,2026-09-07 22:50:00+00:00,501212.0,525242.0,1.693,1.716,1.7180067779879309,0.02500677798793083,True
customer_long,farm_long,long_b,dev_long_sensor,s_long_b_ec,2026-09-07 22:30:00+00:00,2026-09-07 23:00:00+00:00,509231.0,533261.0,1.69,1.709,1.7060194770611374,0.016019477061137488,True
customer_long,farm_long,long_b,dev_long_sensor,s_long_b_ec,2026-09-07 22:40:00+00:00,2026-09-07 23:10:00+00:00,517250.0,541280.0,1.672,1.709,1.706270631159362,0.03427063115936213,True
customer_long,farm_long,long_b,dev_long_sensor,s_long_b_ec,2026-09-07 22:50:00+00:00,2026-09-07 23:20:00+00:00,525242.0,549299.0,1.672,1.693,1.6929785761903493,0.020978576190349374,True
customer_long,farm_long,long_b,dev_long_sensor,s_long_b_ec,2026-09-07 23:00:00+00:00,2026-09-07 23:30:00+00:00,533261.0,557345.0,1.678,1.69,1.6892237321758783,0.011223732175878354,True
customer_long,farm_long,long_b,dev_long_sensor,s_long_b_ec,2026-09-07 23:10:00+00:00,2026-09-07 23:40:00+00:00,541280.0,565364.0,1.703,1.672,1.67257317043272,0.030426829567280045,True
customer_long,farm_long,long_b,dev_long_sensor,s_long_b_ec,2026-09-07 23:20:00+00:00,2026-09-07 23:50:00+00:00,549299.0,573410.0,1.706,1.672,1.6705437077325833,0.035456292267416645,True
customer_long,farm_long,long_b,dev_long_sensor,s_long_b_ec,2026-09-07 23:30:00+00:00,2026-09-08 00:00:00+00:00,557345.0,581429.0,1.732,1.678,1.676315121126993,0.05568487887300688,True
customer_long,farm_long,long_b,dev_long_sensor,s_long_b_ec,2026-09-07 23:40:00+00:00,2026-09-08 00:10:00+00:00,565364.0,589448.0,1.736,1.703,1.6978011350493698,0.038198864950630185,True
customer_long,farm_long,long_b,dev_long_sensor,s_long_b_ec,2026-09-07 23:50:00+00:00,2026-09-08 00:20:00+00:00,573410.0,597467.0,1.774,1.706,1.7022935495034823,0.07170645049651769,True
customer_long,farm_long,long_b,dev_long_sensor,s_long_b_ec,2026-09-08 00:00:00+00:00,2026-09-08 00:30:00+00:00,581429.0,605486.0,1.776,1.732,1.7267953441646446,0.04920465583535538,True
customer_long,farm_long,long_b,dev_long_sensor,s_long_b_ec,2026-09-08 00:10:00+00:00,2026-09-08 00:40:00+00:00,589448.0,613505.0,1.745,1.736,1.7347468931099463,0.010253106890053765,True
customer_long,farm_long,long_b,dev_long_sensor,s_long_b_ec,2026-09-08 00:20:00+00:00,2026-09-08 00:50:00+00:00,597467.0,621524.0,1.753,1.774,1.769918480499585,0.016918480499584998,True
customer_long,farm_long,long_b,dev_long_sensor,s_long_b_ec,2026-09-08 00:30:00+00:00,2026-09-08 01:00:00+00:00,605486.0,629570.0,1.753,1.776,1.7754173465056735,0.02241734650567362,True
customer_long,farm_long,long_b,dev_long_sensor,s_long_b_ec,2026-09-08 00:40:00+00:00,2026-09-08 01:10:00+00:00,613505.0,637589.0,1.761,1.745,1.7457450905294605,0.015254909470539424,True
customer_long,farm_long,long_b,dev_long_sensor,s_long_b_ec,2026-09-08 08:10:00+00:00,2026-09-08 08:40:00+00:00,638453.0,646742.0,1.767,1.756,1.7508613382105256,0.016138661789474318,True
customer_long,farm_long,long_b,dev_long_sensor,s_long_b_ec,2026-09-08 08:30:00+00:00,2026-09-08 09:00:00+00:00,638723.0,662780.0,1.776,1.749,1.7434061949395327,0.032593805060467274,True
customer_long,farm_long,long_b,dev_long_sensor,s_long_b_ec,2026-09-08 08:40:00+00:00,2026-09-08 09:10:00+00:00,646742.0,670799.0,1.778,1.767,1.7809761771218595,0.0029761771218594912,True
customer_long,farm_long,long_b,dev_long_sensor,s_long_b_ec,2026-09-08 08:50:00+00:00,2026-09-08 09:20:00+00:00,654761.0,678812.0,1.754,1.758,1.754702108563604,0.0007021085636040869,True
customer_long,farm_long,long_b,dev_long_sensor,s_long_b_ec,2026-09-08 09:00:00+00:00,2026-09-08 09:30:00+00:00,662780.0,686831.0,1.775,1.776,1.7807366986258408,0.005736698625840919,True
customer_long,farm_long,long_b,dev_long_sensor,s_long_b_ec,2026-09-08 09:10:00+00:00,2026-09-08 09:40:00+00:00,670799.0,694850.0,1.792,1.778,1.7806428142290014,0.011357185770998646,True
customer_long,farm_long,long_b,dev_long_sensor,s_long_b_ec,2026-09-08 09:20:00+00:00,2026-09-08 09:50:00+00:00,678812.0,702869.0,1.783,1.754,1.7580418895128636,0.024958110487136365,True
customer_long,farm_long,long_b,dev_long_sensor,s_long_b_ec,2026-09-08 09:30:00+00:00,2026-09-08 10:00:00+00:00,686831.0,710888.0,1.778,1.775,1.774030325419099,0.003969674580901028,True
customer_long,farm_long,long_b,dev_long_sensor,s_long_b_ec,2026-09-08 09:40:00+00:00,2026-09-08 10:10:00+00:00,694850.0,718907.0,1.783,1.792,1.790024027878737,0.007024027878737016,True
customer_long,farm_long,long_b,dev_long_sensor,s_long_b_ec,2026-09-08 09:50:00+00:00,2026-09-08 10:20:00+00:00,702869.0,726926.0,1.785,1.783,1.7803475977973016,0.004652402202698358,True
customer_long,farm_long,long_b,dev_long_sensor,s_long_b_ec,2026-09-08 10:00:00+00:00,2026-09-08 10:30:00+00:00,710888.0,734972.0,1.779,1.778,1.7763502850128492,0.0026497149871507197,True
customer_long,farm_long,long_b,dev_long_sensor,s_long_b_ec,2026-09-08 14:00:00+00:00,2026-09-08 14:30:00+00:00,739151.0,763235.0,1.732,1.774,1.7715899239946111,0.03958992399461114,True
customer_long,farm_long,long_b,dev_long_sensor,s_long_b_ec,2026-09-08 14:10:00+00:00,2026-09-08 14:40:00+00:00,747170.0,771254.0,1.742,1.756,1.7609406340389744,0.01894063403897439,True
customer_long,farm_long,long_b,dev_long_sensor,s_long_b_ec,2026-09-08 14:20:00+00:00,2026-09-08 14:50:00+00:00,755216.0,779300.0,1.718,1.727,1.7276747096782443,0.009674709678244353,True
customer_long,farm_long,long_b,dev_long_sensor,s_long_b_ec,2026-09-08 14:30:00+00:00,2026-09-08 15:00:00+00:00,763235.0,787319.0,1.711,1.732,1.7456142810395696,0.03461428103956954,True
customer_long,farm_long,long_b,dev_long_sensor,s_long_b_ec,2026-09-08 14:40:00+00:00,2026-09-08 15:10:00+00:00,771254.0,795338.0,1.71,1.742,1.7494991528431483,0.03949915284314831,True
customer_long,farm_long,long_b,dev_long_sensor,s_long_b_ec,2026-09-08 14:50:00+00:00,2026-09-08 15:20:00+00:00,779300.0,803384.0,1.698,1.718,1.7209545977551435,0.022954597755143524,True
customer_long,farm_long,long_b,dev_long_sensor,s_long_b_ec,2026-09-08 15:00:00+00:00,2026-09-08 15:30:00+00:00,787319.0,811403.0,1.698,1.711,1.7086098717179103,0.01060987171791039,True
customer_long,farm_long,long_b,dev_long_sensor,s_long_b_ec,2026-09-08 15:10:00+00:00,2026-09-08 15:40:00+00:00,795338.0,819422.0,1.664,1.71,1.7094843393176415,0.04548433931764162,True
customer_long,farm_long,long_b,dev_long_sensor,s_long_b_ec,2026-09-08 15:20:00+00:00,2026-09-08 15:50:00+00:00,803384.0,827468.0,1.673,1.698,1.6976285925187373,0.02462859251873728,True
customer_long,farm_long,long_b,dev_long_sensor,s_long_b_ec,2026-09-08 15:30:00+00:00,2026-09-08 16:00:00+00:00,811403.0,835487.0,1.678,1.698,1.6962337987884628,0.018233798788462874,True
customer_long,farm_long,long_b,dev_long_sensor,s_long_b_ec,2026-09-08 15:40:00+00:00,2026-09-08 16:10:00+00:00,819422.0,843506.0,1.689,1.664,1.6644594737760687,0.024540526223931325,True
customer_long,farm_long,long_b,dev_long_sensor,s_long_b_ec,2026-09-08 15:50:00+00:00,2026-09-08 16:20:00+00:00,827468.0,851525.0,1.704,1.673,1.6714818455647538,0.032518154435246194,True
customer_long,farm_long,long_b,dev_long_sensor,s_long_b_ec,2026-09-08 16:00:00+00:00,2026-09-08 16:30:00+00:00,835487.0,859544.0,1.724,1.678,1.6771026700140863,0.04689732998591367,True
customer_long,farm_long,long_b,dev_long_sensor,s_long_b_ec,2026-09-08 16:10:00+00:00,2026-09-08 16:40:00+00:00,843506.0,867482.0,1.728,1.689,1.6841077948691674,0.043892205130832584,True
customer_long,farm_long,long_b,dev_long_sensor,s_long_b_ec,2026-09-08 16:20:00+00:00,2026-09-08 16:50:00+00:00,851525.0,875420.0,1.741,1.704,1.699731152661596,0.04126884733840419,True
customer_long,farm_long,long_b,dev_long_sensor,s_long_b_ec,2026-09-08 16:30:00+00:00,2026-09-08 17:00:00+00:00,859544.0,883385.0,1.752,1.724,1.7191003702851213,0.0328996297148787,True
customer_long,farm_long,long_b,dev_long_sensor,s_long_b_ec,2026-09-08 16:40:00+00:00,2026-09-08 17:10:00+00:00,867482.0,891404.0,1.745,1.728,1.726152492938865,0.018847507061135138,True
customer_long,farm_long,long_b,dev_long_sensor,s_long_b_ec,2026-09-08 16:50:00+00:00,2026-09-08 17:20:00+00:00,875420.0,899423.0,1.739,1.741,1.7390835536223954,8.355362239531594e-05,True
customer_long,farm_long,long_b,dev_long_sensor,s_long_b_ec,2026-09-08 17:00:00+00:00,2026-09-08 17:30:00+00:00,883385.0,907442.0,1.729,1.752,1.7513546677141472,0.02235466771414707,True
customer_long,farm_long,long_b,dev_long_sensor,s_long_b_ec,2026-09-08 17:10:00+00:00,2026-09-08 17:40:00+00:00,891404.0,915434.0,1.738,1.745,1.7450461626495855,0.0070461626495854635,True
customer_long,farm_long,long_b,dev_long_sensor,s_long_b_ec,2026-09-08 17:20:00+00:00,2026-09-08 17:50:00+00:00,899423.0,923480.0,1.718,1.739,1.7396603371661965,0.02166033716619653,True
customer_long,farm_long,long_b,dev_long_sensor,s_long_b_ec,2026-09-08 17:30:00+00:00,2026-09-08 18:00:00+00:00,907442.0,931472.0,1.699,1.729,1.7303687631783582,0.03136876317835813,True
customer_long,farm_long,long_b,dev_long_sensor,s_long_b_ec,2026-09-08 17:40:00+00:00,2026-09-08 18:10:00+00:00,915434.0,939491.0,1.692,1.738,1.7374137682599267,0.04541376825992671,True
customer_long,farm_long,long_b,dev_long_sensor,s_long_b_ec,2026-09-08 17:50:00+00:00,2026-09-08 18:20:00+00:00,923480.0,947537.0,1.716,1.718,1.718278220142751,0.0022782201427509197,True
customer_long,farm_long,long_b,dev_long_sensor,s_long_b_ec,2026-09-08 18:00:00+00:00,2026-09-08 18:30:00+00:00,931472.0,955556.0,1.743,1.699,1.6983870997069124,0.04461290029308773,True
customer_long,farm_long,long_b,dev_long_sensor,s_long_b_ec,2026-09-08 18:10:00+00:00,2026-09-08 18:40:00+00:00,939491.0,963575.0,1.741,1.692,1.692608834325805,0.0483911656741951,True
customer_long,farm_long,long_b,dev_long_sensor,s_long_b_ec,2026-09-08 18:20:00+00:00,2026-09-08 18:50:00+00:00,947537.0,971540.0,1.768,1.716,1.7129976792380792,0.0550023207619208,True
customer_long,farm_long,long_b,dev_long_sensor,s_long_b_ec,2026-09-08 18:30:00+00:00,2026-09-08 19:00:00+00:00,955556.0,979478.0,1.729,1.743,1.7374937462040865,0.008493746204086383,True
customer_long,farm_long,long_b,dev_long_sensor,s_long_b_ec,2026-09-08 18:40:00+00:00,2026-09-08 19:10:00+00:00,963575.0,987443.0,1.688,1.741,1.7353633966611273,0.04736339666112732,True
customer_long,farm_long,long_b,dev_long_sensor,s_long_b_ec,2026-09-08 18:50:00+00:00,2026-09-08 19:20:00+00:00,971540.0,995462.0,1.698,1.768,1.7631896288017164,0.06518962880171641,True
customer_long,farm_long,long_b,dev_long_sensor,s_long_b_ec,2026-09-08 19:00:00+00:00,2026-09-08 19:30:00+00:00,979478.0,1003481.0,1.728,1.729,1.7319199308394666,0.003919930839466623,True
customer_long,farm_long,long_b,dev_long_sensor,s_long_b_ec,2026-09-08 19:10:00+00:00,2026-09-08 19:40:00+00:00,987443.0,1011500.0,1.713,1.688,1.692549722308099,0.02045027769190111,True
customer_long,farm_long,long_b,dev_long_sensor,s_long_b_ec,2026-09-08 19:20:00+00:00,2026-09-08 19:50:00+00:00,995462.0,1019519.0,1.724,1.698,1.7019360783158295,0.022063921684170484,True
customer_long,farm_long,long_b,dev_long_sensor,s_long_b_ec,2026-09-08 19:30:00+00:00,2026-09-08 20:00:00+00:00,1003481.0,1027538.0,1.746,1.728,1.7252435629594436,0.020756437040556408,True
customer_long,farm_long,long_b,dev_long_sensor,s_long_b_ec,2026-09-08 19:40:00+00:00,2026-09-08 20:10:00+00:00,1011500.0,1035530.0,1.75,1.713,1.7086827713846144,0.04131722861538556,True
customer_long,farm_long,long_b,dev_long_sensor,s_long_b_ec,2026-09-08 19:50:00+00:00,2026-09-08 20:20:00+00:00,1019519.0,1043549.0,1.733,1.724,1.7175562106929707,0.015443789307029387,True
customer_long,farm_long,long_b,dev_long_sensor,s_long_b_ec,2026-09-08 20:00:00+00:00,2026-09-08 20:30:00+00:00,1027538.0,1051568.0,1.751,1.746,1.7431854654736272,0.007814534526372707,True
customer_long,farm_long,long_b,dev_long_sensor,s_long_b_ec,2026-09-08 20:10:00+00:00,2026-09-08 20:40:00+00:00,1035530.0,1059587.0,1.771,1.75,1.7481724943300774,0.022827505669922532,True
customer_long,farm_long,long_b,dev_long_sensor,s_long_b_ec,2026-09-08 20:20:00+00:00,2026-09-08 20:50:00+00:00,1043549.0,1067633.0,1.784,1.733,1.7330427357100342,0.05095726428996583,True
customer_long,farm_long,long_b,dev_long_sensor,s_long_b_ec,2026-09-08 20:30:00+00:00,2026-09-08 21:00:00+00:00,1051568.0,1075652.0,1.777,1.751,1.7495362539624142,0.027463746037585723,True
customer_long,farm_long,long_b,dev_long_sensor,s_long_b_ec,2026-09-08 20:40:00+00:00,2026-09-08 21:10:00+00:00,1059587.0,1083671.0,1.785,1.771,1.7699244294709733,0.015075570529026638,True
customer_long,farm_long,long_b,dev_long_sensor,s_long_b_ec,2026-09-08 20:50:00+00:00,2026-09-08 21:20:00+00:00,1067633.0,1091690.0,1.769,1.784,1.7803374793432332,0.011337479343233259,True
customer_long,farm_long,long_b,dev_long_sensor,s_long_b_ec,2026-09-08 21:00:00+00:00,2026-09-08 21:30:00+00:00,1075652.0,1099709.0,1.761,1.777,1.7748366723307143,0.013836672330714395,True
customer_long,farm_long,long_b,dev_long_sensor,s_long_b_ec,2026-09-08 21:10:00+00:00,2026-09-08 21:40:00+00:00,1083671.0,1107728.0,1.798,1.785,1.7835245788353205,0.014475421164679592,True
customer_long,farm_long,long_b,dev_long_sensor,s_long_b_ec,2026-09-08 21:20:00+00:00,2026-09-08 21:50:00+00:00,1091690.0,1115720.0,1.783,1.769,1.7712829020662233,0.011717097933776621,True
customer_long,farm_long,long_b,dev_long_sensor,s_long_b_ec,2026-09-08 21:30:00+00:00,2026-09-08 22:00:00+00:00,1099709.0,1123739.0,1.771,1.761,1.761666504925474,0.009333495074525855,True
customer_long,farm_long,long_b,dev_long_sensor,s_long_b_ec,2026-09-08 21:40:00+00:00,2026-09-08 22:10:00+00:00,1107728.0,1131758.0,1.782,1.798,1.795327089719247,0.01332708971924701,True
customer_long,farm_long,long_b,dev_long_sensor,s_long_b_ec,2026-09-08 21:50:00+00:00,2026-09-08 22:20:00+00:00,1115720.0,1139804.0,1.791,1.783,1.7808342164529143,0.010165783547085638,True
customer_long,farm_long,long_b,dev_long_sensor,s_long_b_ec,2026-09-08 22:00:00+00:00,2026-09-08 22:30:00+00:00,1123739.0,1147823.0,1.807,1.771,1.7684367772969714,0.03856322270302859,True
customer_long,farm_long,long_b,dev_long_sensor,s_long_b_ec,2026-09-08 22:10:00+00:00,2026-09-08 22:40:00+00:00,1131758.0,1155869.0,1.831,1.782,1.7813881981657906,0.049611801834209324,True
customer_long,farm_long,long_b,dev_long_sensor,s_long_b_ec,2026-09-08 22:20:00+00:00,2026-09-08 22:50:00+00:00,1139804.0,1163888.0,1.83,1.791,1.789588897970484,0.040411102029516144,True
customer_long,farm_long,long_b,dev_long_sensor,s_long_b_ec,2026-09-08 22:30:00+00:00,2026-09-08 23:00:00+00:00,1147823.0,1171907.0,1.866,1.807,1.8037807605055658,0.06221923949443431,True
customer_long,farm_long,long_b,dev_long_sensor,s_long_b_ec,2026-09-08 22:40:00+00:00,2026-09-08 23:10:00+00:00,1155869.0,1179953.0,1.894,1.831,1.8256509472070754,0.06834905279292447,True
customer_long,farm_long,long_b,dev_long_sensor,s_long_b_ec,2026-09-08 22:50:00+00:00,2026-09-08 23:20:00+00:00,1163888.0,1187972.0,1.906,1.83,1.8271059614327099,0.07889403856729005,True
customer_long,farm_long,long_b,dev_long_sensor,s_long_b_ec,2026-09-08 23:00:00+00:00,2026-09-08 23:30:00+00:00,1171907.0,1195991.0,1.926,1.866,1.8620718442914554,0.06392815570854449,True
customer_long,farm_long,long_b,dev_long_sensor,s_long_b_ec,2026-09-09 04:30:00+00:00,2026-09-09 05:00:00+00:00,1202120.0,1226204.0,1.917,1.907,1.8995511405796381,0.017448859420361895,True
customer_long,farm_long,long_b,dev_long_sensor,s_long_b_ec,2026-09-09 04:40:00+00:00,2026-09-09 05:10:00+00:00,1210139.0,1234223.0,1.917,1.892,1.8983049808442998,0.018695019155700265,True
customer_long,farm_long,long_b,dev_long_sensor,s_long_b_ec,2026-09-09 04:50:00+00:00,2026-09-09 05:20:00+00:00,1218185.0,1242215.0,1.928,1.894,1.8955889807707405,0.032411019229259486,True
customer_long,farm_long,long_b,dev_long_sensor,s_long_b_ec,2026-09-09 05:00:00+00:00,2026-09-09 05:30:00+00:00,1226204.0,1250261.0,1.909,1.917,1.933818113264326,0.024818113264325925,True
customer_long,farm_long,long_b,dev_long_sensor,s_long_b_ec,2026-09-09 05:10:00+00:00,2026-09-09 05:40:00+00:00,1234223.0,1258280.0,1.923,1.917,1.92921786846349,0.006217868463489928,True
customer_long,farm_long,long_b,dev_long_sensor,s_long_b_ec,2026-09-09 05:20:00+00:00,2026-09-09 05:50:00+00:00,1242215.0,1266326.0,1.898,1.928,1.9352300805398102,0.03723008053981025,True
customer_long,farm_long,long_b,dev_long_sensor,s_long_b_ec,2026-09-09 05:30:00+00:00,2026-09-09 06:00:00+00:00,1250261.0,1274345.0,1.89,1.909,1.908500590834531,0.01850059083453104,True
customer_long,farm_long,long_b,dev_long_sensor,s_long_b_ec,2026-09-09 05:40:00+00:00,2026-09-09 06:10:00+00:00,1258280.0,1282391.0,1.875,1.923,1.9212560075102902,0.04625600751029024,True
customer_long,farm_long,long_b,dev_long_sensor,s_long_b_ec,2026-09-09 05:50:00+00:00,2026-09-09 06:20:00+00:00,1266326.0,1290410.0,1.864,1.898,1.8999665444349496,0.03596654443494951,True
customer_long,farm_long,long_b,dev_long_sensor,s_long_b_ec,2026-09-09 06:00:00+00:00,2026-09-09 06:30:00+00:00,1274345.0,1298429.0,1.853,1.89,1.8885120442146248,0.03551204421462484,True
customer_long,farm_long,long_b,dev_long_sensor,s_long_b_ec,2026-09-09 06:10:00+00:00,2026-09-09 06:40:00+00:00,1282391.0,1306475.0,1.839,1.875,1.8760069929794803,0.03700699297948029,True
customer_long,farm_long,long_b,dev_long_sensor,s_long_b_ec,2026-09-09 06:20:00+00:00,2026-09-09 06:50:00+00:00,1290410.0,1314494.0,1.86,1.864,1.8624124435410676,0.0024124435410675105,True
customer_long,farm_long,long_b,dev_long_sensor,s_long_b_ec,2026-09-09 06:30:00+00:00,2026-09-09 07:00:00+00:00,1298429.0,1322513.0,1.86,1.853,1.8521648669470023,0.007835133052997767,True
customer_long,farm_long,long_b,dev_long_sensor,s_long_b_ec,2026-09-09 06:40:00+00:00,2026-09-09 07:10:00+00:00,1306475.0,1330532.0,1.862,1.839,1.8368574161761202,0.025142583823879905,True
customer_long,farm_long,long_b,dev_long_sensor,s_long_b_ec,2026-09-09 06:50:00+00:00,2026-09-09 07:20:00+00:00,1314494.0,1338578.0,1.819,1.86,1.8559039845557164,0.03690398455571642,True
customer_long,farm_long,long_b,dev_long_sensor,s_long_b_ec,2026-09-09 07:00:00+00:00,2026-09-09 07:30:00+00:00,1322513.0,1346597.0,1.823,1.86,1.8561849108317754,0.03318491083177544,True
customer_long,farm_long,long_b,dev_long_sensor,s_long_b_ec,2026-09-09 07:10:00+00:00,2026-09-09 07:40:00+00:00,1330532.0,1354616.0,1.829,1.862,1.857207981614605,0.028207981614605027,True
customer_long,farm_long,long_b,dev_long_sensor,s_long_b_ec,2026-09-09 07:20:00+00:00,2026-09-09 07:50:00+00:00,1338578.0,1362662.0,1.808,1.819,1.820315374437519,0.012315374437518845,True
customer_long,farm_long,long_b,dev_long_sensor,s_long_b_ec,2026-09-09 07:30:00+00:00,2026-09-09 08:00:00+00:00,1346597.0,1370681.0,1.836,1.823,1.822828485366729,0.013171514633271153,True
customer_long,farm_long,long_b,dev_long_sensor,s_long_b_ec,2026-09-09 07:40:00+00:00,2026-09-09 08:10:00+00:00,1354616.0,1378700.0,1.826,1.829,1.829790376095996,0.003790376095995862,True
customer_long,farm_long,long_b,dev_long_sensor,s_long_b_ec,2026-09-09 07:50:00+00:00,2026-09-09 08:20:00+00:00,1362662.0,1386746.0,1.784,1.808,1.805521993902479,0.021521993902478886,True
