customer_id,device_id,observed_at,label_end,ec_future,prediction,persistence,moving_average,linear_trend,absolute_error
synthetic_customer_009,cabinet_009,2026-09-05 15:40:00+00:00,2026-09-05 16:40:00+00:00,1.9112428371907564,1.876753796615765,1.8901793366057156,1.895287834678588,1.8812860531123778,0.03448904057499136
synthetic_customer_010,cabinet_010,2026-09-03 05:30:00+00:00,2026-09-03 06:30:00+00:00,1.652294106979543,1.6190553282176596,1.624644845685979,1.6292926561976717,1.6184736157585524,0.0332387787618833
synthetic_customer_009,cabinet_009,2026-09-08 16:30:00+00:00,2026-09-08 17:30:00+00:00,1.8955293958374269,1.927905371763408,1.913670782711583,1.906159307961034,1.9241556207171342,0.03237597592598118
synthetic_customer_009,cabinet_009,2026-09-07 05:10:00+00:00,2026-09-07 06:10:00+00:00,1.8935376644185355,1.9255752632369405,1.911717652114206,1.9072021252467397,1.9201014938343501,0.032037598818404955
synthetic_customer_009,cabinet_009,2026-09-08 00:00:00+00:00,2026-09-08 01:00:00+00:00,1.4496536875038588,1.4184795530102492,1.4266997648808246,1.4319505898314473,1.4238935634491856,0.031174134493609618
synthetic_customer_009,cabinet_009,2026-09-03 12:00:00+00:00,2026-09-03 13:00:00+00:00,1.4139617877967663,1.4440966007286817,1.4250485776312825,1.4170333146324676,1.438561266828216,0.030134812931915445
synthetic_customer_009,cabinet_009,2026-09-06 10:30:00+00:00,2026-09-06 11:30:00+00:00,1.4226174979563837,1.4526102516238484,1.435359606978763,1.4290078827355448,1.4427064340621416,0.029992753667464678
synthetic_customer_009,cabinet_009,2026-09-07 18:00:00+00:00,2026-09-07 19:00:00+00:00,1.4769870094391455,1.5063299117489368,1.510301966704977,1.51165787543021,1.5079728565578003,0.029342902309791308
synthetic_customer_009,cabinet_009,2026-09-06 11:00:00+00:00,2026-09-06 12:00:00+00:00,1.4337713420165743,1.4048020178962657,1.4226174979563837,1.4254989889864242,1.4098753889340043,0.028969324120308615
synthetic_customer_011,cabinet_011,2026-09-04 02:10:00+00:00,2026-09-04 03:10:00+00:00,1.3175961532706029,1.2886330096598078,1.3067559250576506,1.3113368468067117,1.2966696000407747,0.028963143610795106
synthetic_customer_011,cabinet_011,2026-09-08 12:30:00+00:00,2026-09-08 13:30:00+00:00,1.3604637282821326,1.3316485685994102,1.349082975772873,1.3626050248652983,1.3284156734041563,0.028815159682722413
synthetic_customer_009,cabinet_009,2026-09-04 19:50:00+00:00,2026-09-04 20:50:00+00:00,1.433453682390234,1.4618695656965086,1.448065904423765,1.4452230007284967,1.455065488183581,0.028415883306274647
synthetic_customer_009,cabinet_009,2026-09-05 00:10:00+00:00,2026-09-05 01:10:00+00:00,1.418879137947436,1.4470367802999502,1.428602343858592,1.4186838834531343,1.436408270382795,0.02815764235251428
synthetic_customer_011,cabinet_011,2026-09-08 22:10:00+00:00,2026-09-08 23:10:00+00:00,1.5599248303944817,1.5321789928801215,1.5340389610525735,1.5340389610525735,1.3243290304184285,0.027745837514360217
synthetic_customer_009,cabinet_009,2026-09-06 13:20:00+00:00,2026-09-06 14:20:00+00:00,1.4581391492236375,1.4304379517903594,1.4389848897451345,1.4438289964710056,1.434855291227361,0.027701197433278146
synthetic_customer_011,cabinet_011,2026-09-05 07:40:00+00:00,2026-09-05 08:40:00+00:00,1.455260103762131,1.4828554489334327,1.486924093522848,1.4852801174990873,1.4833337852716375,0.027595345171301577
synthetic_customer_009,cabinet_009,2026-09-02 22:40:00+00:00,2026-09-02 23:40:00+00:00,1.7476778773532942,1.775053127572122,1.7688645646904562,1.7740444727582547,1.7939802376941938,0.027375250218827807
synthetic_customer_011,cabinet_011,2026-09-02 23:40:00+00:00,2026-09-03 00:40:00+00:00,1.5867917133560785,1.5598331311987483,1.5633196884824432,1.556698326472043,1.3828904852781678,0.026958582157330158
synthetic_customer_009,cabinet_009,2026-09-08 06:50:00+00:00,2026-09-08 07:50:00+00:00,1.659038031178013,1.6323380228176763,1.626765127955596,1.628500272012938,1.5097813642244733,0.026700008360336813
synthetic_customer_009,cabinet_009,2026-09-07 05:20:00+00:00,2026-09-07 06:20:00+00:00,1.8984298096482677,1.9248685793453453,1.912733246862322,1.9093604169309237,1.9192081219148736,0.02643876969707759
