customer_id,device_id,observed_at,label_end,no_flow_future,prediction,majority,current_threshold_rule,probability_uncalibrated,absolute_error
synthetic_customer_009,cabinet_009,2026-09-05 04:20:00+00:00,2026-09-05 05:20:00+00:00,1.0,0.0,0,0,0.36532083278941746,1.0
synthetic_customer_009,cabinet_009,2026-09-08 11:30:00+00:00,2026-09-08 12:30:00+00:00,1.0,0.0,0,0,0.20961723888778686,1.0
synthetic_customer_010,cabinet_010,2026-09-03 00:50:00+00:00,2026-09-03 01:50:00+00:00,0.0,1.0,0,0,0.9122803246904307,1.0
synthetic_customer_010,cabinet_010,2026-09-03 01:00:00+00:00,2026-09-03 02:00:00+00:00,0.0,1.0,0,1,0.9173464554730056,1.0
synthetic_customer_010,cabinet_010,2026-09-03 01:10:00+00:00,2026-09-03 02:10:00+00:00,0.0,1.0,0,1,0.9307544634688321,1.0
synthetic_customer_010,cabinet_010,2026-09-03 01:20:00+00:00,2026-09-03 02:20:00+00:00,0.0,1.0,0,1,0.9676627427170901,1.0
synthetic_customer_010,cabinet_010,2026-09-07 19:20:00+00:00,2026-09-07 20:20:00+00:00,1.0,0.0,0,0,0.2949279735083923,1.0
synthetic_customer_010,cabinet_010,2026-09-07 19:30:00+00:00,2026-09-07 20:30:00+00:00,1.0,0.0,0,0,0.3226265695343111,1.0
synthetic_customer_011,cabinet_011,2026-09-05 14:10:00+00:00,2026-09-05 15:10:00+00:00,1.0,0.0,0,0,0.33857587966739194,1.0
synthetic_customer_011,cabinet_011,2026-09-06 17:00:00+00:00,2026-09-06 18:00:00+00:00,1.0,0.0,0,0,0.14134830486042668,1.0
synthetic_customer_011,cabinet_011,2026-09-06 17:10:00+00:00,2026-09-06 18:10:00+00:00,1.0,0.0,0,0,0.41527363254715427,1.0
synthetic_customer_011,cabinet_011,2026-09-08 05:00:00+00:00,2026-09-08 06:00:00+00:00,1.0,0.0,0,0,0.3533469786542521,1.0
synthetic_customer_011,cabinet_011,2026-09-08 05:10:00+00:00,2026-09-08 06:10:00+00:00,1.0,0.0,0,0,0.37231514489958495,1.0
synthetic_customer_009,cabinet_009,2026-09-02 16:40:00+00:00,2026-09-02 17:40:00+00:00,0.0,0.0,0,0,0.00010019712071447326,0.0
synthetic_customer_009,cabinet_009,2026-09-02 16:50:00+00:00,2026-09-02 17:50:00+00:00,0.0,0.0,0,0,6.621837748793784e-05,0.0
synthetic_customer_009,cabinet_009,2026-09-02 17:00:00+00:00,2026-09-02 18:00:00+00:00,0.0,0.0,0,0,5.594915463829578e-05,0.0
synthetic_customer_009,cabinet_009,2026-09-02 17:10:00+00:00,2026-09-02 18:10:00+00:00,0.0,0.0,0,0,6.89309052875671e-05,0.0
synthetic_customer_009,cabinet_009,2026-09-02 17:20:00+00:00,2026-09-02 18:20:00+00:00,0.0,0.0,0,0,6.66411292158603e-05,0.0
synthetic_customer_009,cabinet_009,2026-09-02 17:30:00+00:00,2026-09-02 18:30:00+00:00,0.0,0.0,0,0,4.7141537186724026e-05,0.0
synthetic_customer_009,cabinet_009,2026-09-02 17:40:00+00:00,2026-09-02 18:40:00+00:00,0.0,0.0,0,0,6.64072774385122e-05,0.0
