customer_id,device_id,observed_at,label_end,irrigation_abort_future,prediction,majority,current_threshold_rule,probability_uncalibrated,absolute_error
synthetic_customer_009,cabinet_009,2026-09-06 01:40:00+00:00,2026-09-06 02:40:00+00:00,0.0,1.0,0,1,0.5540269413556521,1.0
synthetic_customer_009,cabinet_009,2026-09-08 11:30:00+00:00,2026-09-08 12:30:00+00:00,0.0,1.0,0,1,0.5452635821317123,1.0
synthetic_customer_010,cabinet_010,2026-09-02 19:00:00+00:00,2026-09-02 20:00:00+00:00,1.0,0.0,0,0,0.02453704306129662,1.0
synthetic_customer_010,cabinet_010,2026-09-03 20:20:00+00:00,2026-09-03 21:20:00+00:00,0.0,1.0,0,1,0.77239669057825,1.0
synthetic_customer_010,cabinet_010,2026-09-06 10:30:00+00:00,2026-09-06 11:30:00+00:00,0.0,1.0,0,0,0.5746778427431977,1.0
synthetic_customer_010,cabinet_010,2026-09-07 12:00:00+00:00,2026-09-07 13:00:00+00:00,0.0,1.0,0,1,0.6251975616856145,1.0
synthetic_customer_011,cabinet_011,2026-09-04 18:30:00+00:00,2026-09-04 19:30:00+00:00,0.0,1.0,0,0,0.6662685516144576,1.0
synthetic_customer_011,cabinet_011,2026-09-07 15:50:00+00:00,2026-09-07 16:50:00+00:00,0.0,1.0,0,0,0.6925994260941936,1.0
synthetic_customer_009,cabinet_009,2026-09-02 16:40:00+00:00,2026-09-02 17:40:00+00:00,0.0,0.0,0,0,1.3841978123973879e-05,0.0
synthetic_customer_009,cabinet_009,2026-09-02 16:50:00+00:00,2026-09-02 17:50:00+00:00,0.0,0.0,0,0,9.732838751702835e-06,0.0
synthetic_customer_009,cabinet_009,2026-09-02 17:00:00+00:00,2026-09-02 18:00:00+00:00,0.0,0.0,0,0,1.761222608946714e-05,0.0
synthetic_customer_009,cabinet_009,2026-09-02 17:10:00+00:00,2026-09-02 18:10:00+00:00,0.0,0.0,0,0,1.019083872480328e-05,0.0
synthetic_customer_009,cabinet_009,2026-09-02 17:20:00+00:00,2026-09-02 18:20:00+00:00,0.0,0.0,0,0,2.7623113721419474e-05,0.0
synthetic_customer_009,cabinet_009,2026-09-02 17:30:00+00:00,2026-09-02 18:30:00+00:00,0.0,0.0,0,0,1.5682616274891643e-05,0.0
synthetic_customer_009,cabinet_009,2026-09-02 17:40:00+00:00,2026-09-02 18:40:00+00:00,0.0,0.0,0,0,1.854437546890199e-05,0.0
synthetic_customer_009,cabinet_009,2026-09-02 17:50:00+00:00,2026-09-02 18:50:00+00:00,0.0,0.0,0,0,6.293330361255328e-06,0.0
synthetic_customer_009,cabinet_009,2026-09-02 18:00:00+00:00,2026-09-02 19:00:00+00:00,0.0,0.0,0,0,1.053439749094716e-05,0.0
synthetic_customer_009,cabinet_009,2026-09-02 18:10:00+00:00,2026-09-02 19:10:00+00:00,0.0,0.0,0,0,1.7523562202316783e-05,0.0
synthetic_customer_009,cabinet_009,2026-09-02 18:20:00+00:00,2026-09-02 19:20:00+00:00,0.0,0.0,0,0,2.0172101596336598e-05,0.0
synthetic_customer_009,cabinet_009,2026-09-02 18:30:00+00:00,2026-09-02 19:30:00+00:00,0.0,0.0,0,0,8.475649610386993e-06,0.0
