customer_id,device_id,observed_at,label_end,leak_future,prediction,majority,current_threshold_rule,probability_uncalibrated,absolute_error
synthetic_customer_009,cabinet_009,2026-09-03 19:30:00+00:00,2026-09-03 20:30:00+00:00,0.0,1.0,0,1,0.6949472228791702,1.0
synthetic_customer_009,cabinet_009,2026-09-03 19:40:00+00:00,2026-09-03 20:40:00+00:00,0.0,1.0,0,1,0.8987074994474872,1.0
synthetic_customer_009,cabinet_009,2026-09-03 19:50:00+00:00,2026-09-03 20:50:00+00:00,0.0,1.0,0,1,0.8740323593668804,1.0
synthetic_customer_009,cabinet_009,2026-09-03 20:10:00+00:00,2026-09-03 21:10:00+00:00,1.0,0.0,0,1,0.46850580973110406,1.0
synthetic_customer_009,cabinet_009,2026-09-04 19:40:00+00:00,2026-09-04 20:40:00+00:00,1.0,0.0,0,0,0.25034594629763834,1.0
synthetic_customer_009,cabinet_009,2026-09-06 00:00:00+00:00,2026-09-06 01:00:00+00:00,0.0,1.0,0,0,0.6603403545348869,1.0
synthetic_customer_009,cabinet_009,2026-09-06 16:00:00+00:00,2026-09-06 17:00:00+00:00,0.0,1.0,0,0,0.8923950819301266,1.0
synthetic_customer_009,cabinet_009,2026-09-06 16:10:00+00:00,2026-09-06 17:10:00+00:00,0.0,1.0,0,1,0.6200827212903698,1.0
synthetic_customer_009,cabinet_009,2026-09-07 10:30:00+00:00,2026-09-07 11:30:00+00:00,1.0,0.0,0,1,0.34187715331284957,1.0
synthetic_customer_010,cabinet_010,2026-09-02 23:40:00+00:00,2026-09-03 00:40:00+00:00,0.0,1.0,0,0,0.5975277363481407,1.0
synthetic_customer_010,cabinet_010,2026-09-03 01:20:00+00:00,2026-09-03 02:20:00+00:00,1.0,0.0,0,1,0.025636675419887546,1.0
synthetic_customer_010,cabinet_010,2026-09-03 01:30:00+00:00,2026-09-03 02:30:00+00:00,1.0,0.0,0,1,0.4227485916585973,1.0
synthetic_customer_010,cabinet_010,2026-09-03 22:50:00+00:00,2026-09-03 23:50:00+00:00,0.0,1.0,0,0,0.7988068625739829,1.0
synthetic_customer_010,cabinet_010,2026-09-03 23:00:00+00:00,2026-09-04 00:00:00+00:00,0.0,1.0,0,0,0.9170809362269922,1.0
synthetic_customer_010,cabinet_010,2026-09-06 04:20:00+00:00,2026-09-06 05:20:00+00:00,0.0,1.0,0,0,0.8877524586573263,1.0
synthetic_customer_010,cabinet_010,2026-09-06 04:30:00+00:00,2026-09-06 05:30:00+00:00,0.0,1.0,0,1,0.9440680056323993,1.0
synthetic_customer_010,cabinet_010,2026-09-06 14:20:00+00:00,2026-09-06 15:20:00+00:00,1.0,0.0,0,0,0.11256196224118958,1.0
synthetic_customer_010,cabinet_010,2026-09-08 06:10:00+00:00,2026-09-08 07:10:00+00:00,1.0,0.0,0,1,0.2656271805403169,1.0
synthetic_customer_011,cabinet_011,2026-09-03 21:30:00+00:00,2026-09-03 22:30:00+00:00,1.0,0.0,0,0,0.22188460518316205,1.0
synthetic_customer_011,cabinet_011,2026-09-04 08:10:00+00:00,2026-09-04 09:10:00+00:00,0.0,1.0,0,0,0.7061206555539157,1.0
