model,status,algorithm,mae,rmse,r2,accuracy,f1_macro,recall_risk,confusion_matrix
moisture_forecast,EXPERIMENTAL,ExtraTrees,0.1891461237392497,0.2450830057236518,0.9984577686461595,,,,
temperature_forecast,EXPERIMENTAL,ExtraTrees,0.13480143377389087,0.1759394317754647,0.9978741001960708,,,,
ec_forecast,EXPERIMENTAL,ExtraTrees,0.007015293684620265,0.00898217076554505,0.9980783922279785,,,,
ph_forecast,EXPERIMENTAL,ExtraTrees,0.006049631809164669,0.007654956482456577,0.9991271190750037,,,,
flow_fault_forecast,EXPERIMENTAL,HGB,,,,0.9947812123645122,0.9518952667723348,0.875,"[[2415, 4], [9, 63]]"
leak_forecast,EXPERIMENTAL,HGB_detailed,,,,0.991539081385979,0.9188791685278193,0.875,"[[2405, 13], [8, 56]]"
irrigation_failure_forecast,EXPERIMENTAL,HGB_balanced,,,,0.9967532467532467,0.976935317794627,0.9885057471264368,"[[2370, 7], [1, 86]]"
sensor_fault_forecast,EXPERIMENTAL,HGB_detailed,,,,0.9955663039097138,0.9659188401091456,0.9176470588235294,"[[2392, 4], [7, 78]]"
power_loss_forecast,EXPERIMENTAL,HGB_detailed,,,,0.9960861056751468,0.9708963248494127,0.9545454545454546,"[[2461, 6], [4, 84]]"
mqtt_loss_forecast,EXPERIMENTAL,HGB_detailed,,,,0.9960861056751468,0.9708963248494127,0.9545454545454546,"[[2461, 6], [4, 84]]"
