customer_id,device_id,observed_at,label_end,soil_moisture_future,prediction,persistence,moving_average,linear_trend,absolute_error
synthetic_customer_009,cabinet_009,2026-09-02 22:40:00+00:00,2026-09-02 23:40:00+00:00,60.98390180576151,62.20212834349213,61.99388813265851,62.17819847177991,59.32004467767598,1.2182265377306152
synthetic_customer_011,cabinet_011,2026-09-06 10:30:00+00:00,2026-09-06 11:30:00+00:00,70.58177869375521,71.62283540292357,71.8679728985773,71.8679728985773,79.06821420951357,1.041056709168359
synthetic_customer_010,cabinet_010,2026-09-04 03:50:00+00:00,2026-09-04 04:50:00+00:00,65.08007131815445,66.09684860043967,65.99305116673919,66.34163883335144,67.31837074583734,1.0167772822852186
synthetic_customer_010,cabinet_010,2026-09-04 03:40:00+00:00,2026-09-04 04:40:00+00:00,65.3114920336262,66.29884307590031,66.26832688515819,66.51593266665756,67.86892218267533,0.9873510422741134
synthetic_customer_010,cabinet_010,2026-09-04 03:30:00+00:00,2026-09-04 04:30:00+00:00,65.3693168397933,66.33665978121888,66.76353844815698,66.76353844815698,68.85934530867291,0.967342941425585
synthetic_customer_009,cabinet_009,2026-09-07 23:20:00+00:00,2026-09-08 00:20:00+00:00,60.94972399090708,61.86874835421921,62.16170841438374,62.49769805511463,59.655685241126434,0.9190243633121256
synthetic_customer_011,cabinet_011,2026-09-08 22:10:00+00:00,2026-09-08 23:10:00+00:00,64.57578286540578,63.680382775955856,63.64720922298857,63.64720922298857,62.6266868583361,0.8954000894499288
synthetic_customer_009,cabinet_009,2026-09-07 23:00:00+00:00,2026-09-08 00:00:00+00:00,61.54605250808936,62.421445399879445,62.84119388655933,62.84119388655933,61.01465618547762,0.8753928917900851
synthetic_customer_011,cabinet_011,2026-09-08 22:30:00+00:00,2026-09-08 23:30:00+00:00,65.15572868170995,64.29541126827274,64.31115792760521,64.0272319523775,63.95458426756937,0.8603174134372011
synthetic_customer_011,cabinet_011,2026-09-02 23:40:00+00:00,2026-09-03 00:40:00+00:00,68.80316330871237,67.96516479217932,68.1283093383572,67.61648502583563,71.58888708907335,0.8379985165330481
synthetic_customer_011,cabinet_011,2026-09-02 23:20:00+00:00,2026-09-03 00:20:00+00:00,68.16488443600834,67.32726540985014,67.22330169142997,67.22330169142997,69.77887179521889,0.837619026158194
synthetic_customer_009,cabinet_009,2026-09-03 15:40:00+00:00,2026-09-03 16:40:00+00:00,68.2457611264606,69.07660653579802,68.21583684705055,67.99260294491643,68.99249722816045,0.830845409337428
synthetic_customer_011,cabinet_011,2026-09-02 23:30:00+00:00,2026-09-03 00:30:00+00:00,68.3695203665872,67.53888352857201,67.49784404771981,67.36057286957484,70.32795650779858,0.830636838015181
synthetic_customer_011,cabinet_011,2026-09-03 16:20:00+00:00,2026-09-03 17:20:00+00:00,61.067871717875725,61.894962329402816,61.9094521797792,61.85511178458932,61.79943987684853,0.8270906115270904
synthetic_customer_009,cabinet_009,2026-09-05 01:20:00+00:00,2026-09-05 02:20:00+00:00,56.30494233359686,57.126939708583116,57.6272221087882,57.76531342327802,57.043460602441925,0.8219973749862532
synthetic_customer_011,cabinet_011,2026-09-02 18:50:00+00:00,2026-09-02 19:50:00+00:00,60.9803987149004,61.79923458765662,61.31294396033847,61.1169258207089,61.64842650531247,0.8188358727562175
synthetic_customer_011,cabinet_011,2026-09-06 10:50:00+00:00,2026-09-06 11:50:00+00:00,70.14099799646017,70.94355048161998,71.09055029104893,71.4261649790027,77.51336899445681,0.8025524851598078
synthetic_customer_011,cabinet_011,2026-09-07 16:50:00+00:00,2026-09-07 17:50:00+00:00,59.98483394580498,60.775267576000665,60.47183366302459,60.47183366302459,56.27593573840814,0.790433630195686
synthetic_customer_009,cabinet_009,2026-09-04 10:10:00+00:00,2026-09-04 11:10:00+00:00,60.017735007305525,59.24103846494704,58.45108985807608,58.300093975520035,59.02917709426457,0.7766965423584864
synthetic_customer_011,cabinet_011,2026-09-08 22:20:00+00:00,2026-09-08 23:20:00+00:00,65.0148219367076,64.24088047344532,64.12332870653879,63.88526896476364,63.57892582543653,0.7739414632622896
