customer_id,device_id,observed_at,label_end,mqtt_loss_future,prediction,majority,current_threshold_rule,probability_uncalibrated,absolute_error
synthetic_customer_009,cabinet_009,2026-09-08 18:10:00+00:00,2026-09-08 19:10:00+00:00,0.0,1.0,0,0,0.5452059011519274,1.0
synthetic_customer_010,cabinet_010,2026-09-02 17:00:00+00:00,2026-09-02 18:00:00+00:00,0.0,1.0,0,0,0.5060294083922733,1.0
synthetic_customer_010,cabinet_010,2026-09-02 17:10:00+00:00,2026-09-02 18:10:00+00:00,0.0,1.0,0,0,0.9810600909278225,1.0
synthetic_customer_010,cabinet_010,2026-09-04 00:00:00+00:00,2026-09-04 01:00:00+00:00,1.0,0.0,0,0,0.49515932565826015,1.0
synthetic_customer_010,cabinet_010,2026-09-07 05:40:00+00:00,2026-09-07 06:40:00+00:00,1.0,0.0,0,0,0.09732157545917905,1.0
synthetic_customer_010,cabinet_010,2026-09-08 04:10:00+00:00,2026-09-08 05:10:00+00:00,1.0,0.0,0,0,0.02169703777157033,1.0
synthetic_customer_011,cabinet_011,2026-09-05 03:40:00+00:00,2026-09-05 04:40:00+00:00,0.0,1.0,0,0,0.8285675530111679,1.0
synthetic_customer_011,cabinet_011,2026-09-05 03:50:00+00:00,2026-09-05 04:50:00+00:00,1.0,0.0,0,0,0.15444174384850481,1.0
synthetic_customer_011,cabinet_011,2026-09-06 00:00:00+00:00,2026-09-06 01:00:00+00:00,0.0,1.0,0,0,0.8937316444372572,1.0
synthetic_customer_011,cabinet_011,2026-09-08 09:40:00+00:00,2026-09-08 10:40:00+00:00,0.0,1.0,0,0,0.9062743543368217,1.0
synthetic_customer_009,cabinet_009,2026-09-02 16:40:00+00:00,2026-09-02 17:40:00+00:00,0.0,0.0,0,0,9.034380544089884e-06,0.0
synthetic_customer_009,cabinet_009,2026-09-02 16:50:00+00:00,2026-09-02 17:50:00+00:00,0.0,0.0,0,0,3.6512208670716525e-06,0.0
synthetic_customer_009,cabinet_009,2026-09-02 17:00:00+00:00,2026-09-02 18:00:00+00:00,0.0,0.0,0,0,9.379054720633896e-06,0.0
synthetic_customer_009,cabinet_009,2026-09-02 17:10:00+00:00,2026-09-02 18:10:00+00:00,0.0,0.0,0,0,8.671559113638756e-06,0.0
synthetic_customer_009,cabinet_009,2026-09-02 17:20:00+00:00,2026-09-02 18:20:00+00:00,0.0,0.0,0,0,4.484839091006274e-06,0.0
synthetic_customer_009,cabinet_009,2026-09-02 17:30:00+00:00,2026-09-02 18:30:00+00:00,0.0,0.0,0,0,3.1395335316929424e-06,0.0
synthetic_customer_009,cabinet_009,2026-09-02 17:40:00+00:00,2026-09-02 18:40:00+00:00,0.0,0.0,0,0,6.058462034184691e-06,0.0
synthetic_customer_009,cabinet_009,2026-09-02 17:50:00+00:00,2026-09-02 18:50:00+00:00,0.0,0.0,0,0,3.2285782425616908e-06,0.0
synthetic_customer_009,cabinet_009,2026-09-02 18:00:00+00:00,2026-09-02 19:00:00+00:00,0.0,0.0,0,0,3.532529191982443e-06,0.0
synthetic_customer_009,cabinet_009,2026-09-02 18:10:00+00:00,2026-09-02 19:10:00+00:00,0.0,0.0,0,0,5.2444912424645905e-06,0.0
