customer_id,device_id,observed_at,label_end,ph_future,prediction,persistence,moving_average,linear_trend,absolute_error
synthetic_customer_010,cabinet_010,2026-09-04 17:30:00+00:00,2026-09-04 18:30:00+00:00,5.978478357008755,6.008202166060651,6.011323946001215,6.0110659650778056,6.010304424445279,0.02972380905189631
synthetic_customer_010,cabinet_010,2026-09-05 22:00:00+00:00,2026-09-05 23:00:00+00:00,6.286486038371945,6.259002044748682,6.262936729069046,6.264998010211232,6.27113142728499,0.027483993623262926
synthetic_customer_010,cabinet_010,2026-09-05 06:50:00+00:00,2026-09-05 07:50:00+00:00,5.824487317664978,5.7984252844654325,5.796702208762408,5.7978688502394915,5.789619004997702,0.02606203319954581
synthetic_customer_011,cabinet_011,2026-09-06 18:40:00+00:00,2026-09-06 19:40:00+00:00,6.325694082711321,6.3511371095309785,6.359108174026069,6.362357956358895,6.351409742731432,0.02544302681965771
synthetic_customer_011,cabinet_011,2026-09-08 22:10:00+00:00,2026-09-08 23:10:00+00:00,6.216316462463779,6.241012687230938,6.238983366067819,6.238983366067819,6.223224701282536,0.02469622476715916
synthetic_customer_009,cabinet_009,2026-09-06 05:40:00+00:00,2026-09-06 06:40:00+00:00,5.74178077387554,5.7663904308201355,5.761728699298203,5.756971694406572,5.767192790205572,0.024609656944595493
synthetic_customer_009,cabinet_009,2026-09-07 18:10:00+00:00,2026-09-07 19:10:00+00:00,6.033047977062339,6.057639553048262,6.064883054477949,6.068965494078675,6.05912629137456,0.024591575985922987
synthetic_customer_009,cabinet_009,2026-09-07 02:50:00+00:00,2026-09-07 03:50:00+00:00,6.288880969110372,6.26437018563909,6.268651366557276,6.267378251446191,6.282560702261451,0.024510783471281883
synthetic_customer_011,cabinet_011,2026-09-08 17:00:00+00:00,2026-09-08 18:00:00+00:00,6.392374461241667,6.416741863016309,6.421027495137548,6.42225388745288,6.420518671921443,0.024367401774641806
synthetic_customer_009,cabinet_009,2026-09-04 03:10:00+00:00,2026-09-04 04:10:00+00:00,5.737472316523472,5.761399877226619,5.757253324264609,5.755283860903389,5.259764617676117,0.0239275607031475
synthetic_customer_010,cabinet_010,2026-09-07 09:50:00+00:00,2026-09-07 10:50:00+00:00,5.884644615128773,5.8609456247662415,5.854307788098119,5.861084668285383,5.855950928194417,0.02369899036253109
synthetic_customer_009,cabinet_009,2026-09-08 00:30:00+00:00,2026-09-08 01:30:00+00:00,5.831848785426429,5.855052402063759,5.859947120928855,5.862624977381898,5.856709050789757,0.02320361663733017
synthetic_customer_009,cabinet_009,2026-09-03 04:20:00+00:00,2026-09-03 05:20:00+00:00,6.270908464127264,6.248055434007226,6.255303818642058,6.263668715503016,6.246495129212339,0.022853030120038476
synthetic_customer_011,cabinet_011,2026-09-08 09:30:00+00:00,2026-09-08 10:30:00+00:00,6.6178434923268,6.640569444473657,6.6470860917233,6.64610604916867,6.6409086710801235,0.022725952146856798
synthetic_customer_010,cabinet_010,2026-09-04 02:00:00+00:00,2026-09-04 03:00:00+00:00,6.324104049705925,6.346278133949405,6.336881072095769,6.328903186918338,6.35803079921689,0.02217408424348033
synthetic_customer_011,cabinet_011,2026-09-04 10:40:00+00:00,2026-09-04 11:40:00+00:00,6.590932842089461,6.61306039616076,6.619787226033254,6.6176753305223315,6.615218590592792,0.022127554071299294
synthetic_customer_011,cabinet_011,2026-09-05 08:30:00+00:00,2026-09-05 09:30:00+00:00,6.19331332534709,6.171629343392015,6.1731142859367125,6.179012589639047,6.170841176174341,0.021683981955074927
synthetic_customer_010,cabinet_010,2026-09-05 22:10:00+00:00,2026-09-05 23:10:00+00:00,6.281926137139698,6.260277560188831,6.264291224584242,6.264762415002235,6.273840418315382,0.021648576950867415
synthetic_customer_009,cabinet_009,2026-09-03 03:50:00+00:00,2026-09-03 04:50:00+00:00,6.255303818642058,6.276832060797605,6.2641125080717766,6.262879633216181,6.276423169330182,0.02152824215554716
synthetic_customer_011,cabinet_011,2026-09-07 07:40:00+00:00,2026-09-07 08:40:00+00:00,6.148634556466804,6.170124838428257,6.158399696781111,6.150701079825457,6.163901333779484,0.021490281961453306
