customer_id,device_id,observed_at,label_end,power_loss_future,prediction,majority,current_threshold_rule,probability_uncalibrated,absolute_error
synthetic_customer_009,cabinet_009,2026-09-03 17:50:00+00:00,2026-09-03 18:50:00+00:00,1.0,0.0,0,0,0.42959087804969526,1.0
synthetic_customer_009,cabinet_009,2026-09-05 17:00:00+00:00,2026-09-05 18:00:00+00:00,0.0,1.0,0,0,0.9058255142377991,1.0
synthetic_customer_009,cabinet_009,2026-09-07 08:20:00+00:00,2026-09-07 09:20:00+00:00,1.0,0.0,0,0,0.0802790865563447,1.0
synthetic_customer_010,cabinet_010,2026-09-02 21:00:00+00:00,2026-09-02 22:00:00+00:00,0.0,1.0,0,0,0.9407291080599929,1.0
synthetic_customer_010,cabinet_010,2026-09-07 22:50:00+00:00,2026-09-07 23:50:00+00:00,1.0,0.0,0,0,0.39000382475455614,1.0
synthetic_customer_011,cabinet_011,2026-09-04 07:10:00+00:00,2026-09-04 08:10:00+00:00,0.0,1.0,0,0,0.8487560837496709,1.0
synthetic_customer_011,cabinet_011,2026-09-04 07:20:00+00:00,2026-09-04 08:20:00+00:00,1.0,0.0,0,0,0.05882968635673097,1.0
synthetic_customer_011,cabinet_011,2026-09-07 03:10:00+00:00,2026-09-07 04:10:00+00:00,0.0,1.0,0,0,0.6387211079103902,1.0
synthetic_customer_011,cabinet_011,2026-09-08 09:30:00+00:00,2026-09-08 10:30:00+00:00,0.0,1.0,0,0,0.7201665246400791,1.0
synthetic_customer_011,cabinet_011,2026-09-08 09:40:00+00:00,2026-09-08 10:40:00+00:00,0.0,1.0,0,0,0.9975912008190565,1.0
synthetic_customer_009,cabinet_009,2026-09-02 16:40:00+00:00,2026-09-02 17:40:00+00:00,0.0,0.0,0,0,5.064867717539486e-06,0.0
synthetic_customer_009,cabinet_009,2026-09-02 16:50:00+00:00,2026-09-02 17:50:00+00:00,0.0,0.0,0,0,6.353336302231598e-06,0.0
synthetic_customer_009,cabinet_009,2026-09-02 17:00:00+00:00,2026-09-02 18:00:00+00:00,0.0,0.0,0,0,4.282125884288151e-06,0.0
synthetic_customer_009,cabinet_009,2026-09-02 17:10:00+00:00,2026-09-02 18:10:00+00:00,0.0,0.0,0,0,7.5420091906792896e-06,0.0
synthetic_customer_009,cabinet_009,2026-09-02 17:20:00+00:00,2026-09-02 18:20:00+00:00,0.0,0.0,0,0,4.569763234506775e-06,0.0
synthetic_customer_009,cabinet_009,2026-09-02 17:30:00+00:00,2026-09-02 18:30:00+00:00,0.0,0.0,0,0,7.995617447730425e-06,0.0
synthetic_customer_009,cabinet_009,2026-09-02 17:40:00+00:00,2026-09-02 18:40:00+00:00,0.0,0.0,0,0,4.684185514505625e-06,0.0
synthetic_customer_009,cabinet_009,2026-09-02 17:50:00+00:00,2026-09-02 18:50:00+00:00,0.0,0.0,0,0,5.195297626641898e-06,0.0
synthetic_customer_009,cabinet_009,2026-09-02 18:00:00+00:00,2026-09-02 19:00:00+00:00,0.0,0.0,0,0,3.3209879318027e-06,0.0
synthetic_customer_009,cabinet_009,2026-09-02 18:10:00+00:00,2026-09-02 19:10:00+00:00,0.0,0.0,0,0,5.695310420805364e-06,0.0
