customer_id,device_id,observed_at,label_end,sensor_fault_future,prediction,majority,current_threshold_rule,probability_uncalibrated,absolute_error
synthetic_customer_009,cabinet_009,2026-09-02 20:40:00+00:00,2026-09-02 21:40:00+00:00,1.0,0.0,0,0,0.2693561376968866,1.0
synthetic_customer_009,cabinet_009,2026-09-06 02:30:00+00:00,2026-09-06 03:30:00+00:00,1.0,0.0,0,0,0.08332163119723827,1.0
synthetic_customer_009,cabinet_009,2026-09-07 01:00:00+00:00,2026-09-07 02:00:00+00:00,1.0,0.0,0,0,0.004438805388220956,1.0
synthetic_customer_009,cabinet_009,2026-09-07 21:10:00+00:00,2026-09-07 22:10:00+00:00,0.0,1.0,0,0,0.6135229973878655,1.0
synthetic_customer_009,cabinet_009,2026-09-07 21:30:00+00:00,2026-09-07 22:30:00+00:00,1.0,0.0,0,0,0.22328581218350632,1.0
synthetic_customer_010,cabinet_010,2026-09-07 04:10:00+00:00,2026-09-07 05:10:00+00:00,0.0,1.0,0,0,0.9305772716227849,1.0
synthetic_customer_011,cabinet_011,2026-09-04 15:10:00+00:00,2026-09-04 16:10:00+00:00,1.0,0.0,0,0,0.05488712309713491,1.0
synthetic_customer_011,cabinet_011,2026-09-04 15:20:00+00:00,2026-09-04 16:20:00+00:00,1.0,0.0,0,0,0.48523157034642844,1.0
synthetic_customer_011,cabinet_011,2026-09-06 08:00:00+00:00,2026-09-06 09:00:00+00:00,0.0,1.0,0,0,0.8806190597953025,1.0
synthetic_customer_011,cabinet_011,2026-09-07 15:30:00+00:00,2026-09-07 16:30:00+00:00,1.0,0.0,0,0,0.24699446718546092,1.0
synthetic_customer_011,cabinet_011,2026-09-08 20:00:00+00:00,2026-09-08 21:00:00+00:00,0.0,1.0,0,0,0.9581820384285357,1.0
synthetic_customer_009,cabinet_009,2026-09-02 16:40:00+00:00,2026-09-02 17:40:00+00:00,0.0,0.0,0,0,1.8447141122111523e-05,0.0
synthetic_customer_009,cabinet_009,2026-09-02 16:50:00+00:00,2026-09-02 17:50:00+00:00,0.0,0.0,0,0,5.931003466287866e-06,0.0
synthetic_customer_009,cabinet_009,2026-09-02 17:00:00+00:00,2026-09-02 18:00:00+00:00,0.0,0.0,0,0,5.984684833596456e-06,0.0
synthetic_customer_009,cabinet_009,2026-09-02 17:10:00+00:00,2026-09-02 18:10:00+00:00,0.0,0.0,0,0,2.5122964476523013e-06,0.0
synthetic_customer_009,cabinet_009,2026-09-02 17:20:00+00:00,2026-09-02 18:20:00+00:00,0.0,0.0,0,0,8.584388996480768e-06,0.0
synthetic_customer_009,cabinet_009,2026-09-02 17:30:00+00:00,2026-09-02 18:30:00+00:00,0.0,0.0,0,0,7.486313044293565e-06,0.0
synthetic_customer_009,cabinet_009,2026-09-02 17:40:00+00:00,2026-09-02 18:40:00+00:00,0.0,0.0,0,0,9.86126888752807e-06,0.0
synthetic_customer_009,cabinet_009,2026-09-02 17:50:00+00:00,2026-09-02 18:50:00+00:00,0.0,0.0,0,0,6.74763299259796e-06,0.0
synthetic_customer_009,cabinet_009,2026-09-02 18:00:00+00:00,2026-09-02 19:00:00+00:00,0.0,0.0,0,0,3.6873821462930496e-06,0.0
