customer_id,device_id,observed_at,label_end,temperature_future,prediction,persistence,moving_average,linear_trend,absolute_error
synthetic_customer_011,cabinet_011,2026-09-08 22:20:00+00:00,2026-09-08 23:20:00+00:00,32.61535079957301,31.571368563141878,31.8653442707576,31.9357545528473,36.66146834793416,1.0439822364311304
synthetic_customer_009,cabinet_009,2026-09-04 03:00:00+00:00,2026-09-04 04:00:00+00:00,26.51779474499971,25.581726932980676,25.81865776187825,25.81865776187825,24.568095330175463,0.9360678120190329
synthetic_customer_011,cabinet_011,2026-09-08 22:30:00+00:00,2026-09-08 23:30:00+00:00,32.61287331332856,31.81498606471967,32.114018278540655,31.995175794745084,37.15881636350028,0.7978872486088946
synthetic_customer_009,cabinet_009,2026-09-04 03:10:00+00:00,2026-09-04 04:10:00+00:00,26.730724252688717,25.93664260996674,26.020739767778203,25.919698764828226,24.97225934197537,0.7940816427219772
synthetic_customer_011,cabinet_011,2026-09-04 17:30:00+00:00,2026-09-04 18:30:00+00:00,27.27756428309629,26.484496891782136,26.67413357558421,26.67413357558421,26.279046957587386,0.7930673913141533
synthetic_customer_009,cabinet_009,2026-09-05 03:20:00+00:00,2026-09-05 04:20:00+00:00,27.087813080781547,26.31653350843721,26.44286044637392,26.26291514792754,25.816500699166806,0.7712795723443371
synthetic_customer_011,cabinet_011,2026-09-04 17:50:00+00:00,2026-09-04 18:50:00+00:00,27.66616840528039,26.926600550106574,27.03722032318959,26.8548914590093,27.005220452798145,0.7395678551738172
synthetic_customer_011,cabinet_011,2026-09-04 17:40:00+00:00,2026-09-04 18:40:00+00:00,27.525041134029717,26.788713471611775,26.853320478254084,26.76372702691915,26.637420762927132,0.736327662417942
synthetic_customer_011,cabinet_011,2026-09-08 09:30:00+00:00,2026-09-08 10:30:00+00:00,23.74674203415726,24.48170918863529,24.419125045946007,24.54617777224989,24.418299213913905,0.7349671544780279
synthetic_customer_009,cabinet_009,2026-09-04 10:20:00+00:00,2026-09-04 11:20:00+00:00,29.101005503685283,29.81321431951581,29.773609358328283,29.77347208367367,29.865349263135787,0.7122088158305289
synthetic_customer_009,cabinet_009,2026-09-05 03:10:00+00:00,2026-09-05 04:10:00+00:00,26.907041367324226,26.20982102730152,26.27603553015398,26.172942498704348,25.482850866726924,0.6972203400227066
synthetic_customer_011,cabinet_011,2026-09-02 23:20:00+00:00,2026-09-03 00:20:00+00:00,32.672608636067864,31.995069906532237,32.08273390349766,32.08273390349766,37.09624761341429,0.6775387295356268
synthetic_customer_009,cabinet_009,2026-09-04 03:20:00+00:00,2026-09-04 04:20:00+00:00,26.814620657036528,26.167392765229014,26.220779439928247,26.020058989861568,25.37233868627546,0.647227891807514
synthetic_customer_010,cabinet_010,2026-09-08 10:40:00+00:00,2026-09-08 11:40:00+00:00,24.056655918915823,23.410243218385585,23.291544646518297,23.47131481527214,23.1945549938055,0.646412700530238
synthetic_customer_011,cabinet_011,2026-09-06 10:40:00+00:00,2026-09-06 11:40:00+00:00,23.044621130196287,23.681991592082063,23.502729194731028,23.52405152262248,19.93623819588102,0.6373704618857765
synthetic_customer_009,cabinet_009,2026-09-05 10:20:00+00:00,2026-09-05 11:20:00+00:00,29.23090706140564,29.853396377248295,29.774575077745155,29.789870220217228,29.835555388772068,0.6224893158426532
synthetic_customer_009,cabinet_009,2026-09-02 23:20:00+00:00,2026-09-03 00:20:00+00:00,22.122555245549613,21.503456034277377,21.37430097344567,21.311047179301283,21.47571372376198,0.6190992112722356
synthetic_customer_009,cabinet_009,2026-09-06 09:50:00+00:00,2026-09-06 10:50:00+00:00,29.36777360717993,29.983778210399315,29.91911111535241,29.886064145796553,29.97403334181081,0.616004603219384
synthetic_customer_009,cabinet_009,2026-09-03 07:40:00+00:00,2026-09-03 08:40:00+00:00,30.07390252575509,29.484014390062576,29.763214773355543,29.732959815146945,29.66367345006991,0.5898881356925152
synthetic_customer_009,cabinet_009,2026-09-03 09:50:00+00:00,2026-09-03 10:50:00+00:00,29.32528547078861,29.91212520756527,29.83767777744222,29.785407391100907,29.881685447152734,0.5868397367766605
